row_id,pred_1,pred_2,pred_3
35998,True_Correct:NA,True_Neither:NA,True_Misconception:Incomplete
27979,False_Neither:NA,False_Misconception:Subtraction,False_Misconception:Mult
16680,True_Correct:NA,True_Neither:NA,True_Misconception:Mult
20993,True_Neither:NA,True_Correct:NA,True_Misconception:Additive
20989,True_Neither:NA,True_Correct:NA,True_Misconception:Duplication
3698,False_Misconception:Incomplete,False_Neither:NA,False_Correct:NA
14471,True_Correct:NA,True_Neither:NA,True_Misconception:Mult
24709,True_Neither:NA,True_Correct:NA,False_Neither:NA
14543,True_Correct:NA,True_Neither:NA,True_Misconception:Mult
25170,True_Correct:NA,True_Neither:NA,True_Misconception:Mult
2135,True_Correct:NA,True_Neither:NA,True_Misconception:Incomplete
26595,True_Correct:NA,True_Neither:NA,True_Misconception:Wrong_fraction
3074,False_Neither:NA,False_Misconception:Incomplete,False_Misconception:WNB
17899,True_Neither:NA,True_Correct:NA,True_Misconception:Additive
13659,True_Correct:NA,True_Neither:NA,True_Misconception:Irrelevant
13458,True_Correct:NA,True_Neither:NA,True_Misconception:Irrelevant
26902,True_Neither:NA,True_Misconception:Division,True_Correct:NA
10398,True_Correct:NA,True_Neither:NA,True_Misconception:SwapDividend
17415,True_Correct:NA,True_Neither:NA,True_Misconception:SwapDividend
29436,False_Neither:NA,False_Misconception:Tacking,False_Misconception:Irrelevant
19887,False_Misconception:Whole_numbers_larger,False_Neither:NA,False_Misconception:Shorter_is_bigger
19424,False_Misconception:Inversion,False_Neither:NA,False_Correct:NA
15512,True_Correct:NA,True_Neither:NA,True_Misconception:SwapDividend
26687,True_Neither:NA,True_Correct:NA,False_Neither:NA
26303,False_Misconception:Adding_across,False_Neither:NA,False_Misconception:Denominator-only_change
32474,False_Misconception:Wrong_term,False_Neither:NA,False_Correct:NA
20417,True_Correct:NA,True_Neither:NA,True_Misconception:Incomplete
21232,True_Neither:NA,True_Correct:NA,True_Misconception:SwapDividend
27725,False_Misconception:Subtraction,False_Neither:NA,False_Correct:NA
22994,False_Misconception:Wrong_fraction,False_Neither:NA,True_Misconception:Wrong_fraction
33038,False_Misconception:Wrong_term,False_Correct:NA,False_Neither:NA
993,True_Neither:NA,True_Correct:NA,True_Misconception:WNB
29275,False_Neither:NA,False_Misconception:Definition,False_Misconception:Unknowable
5915,True_Correct:NA,True_Neither:NA,True_Misconception:SwapDividend
19524,False_Misconception:Inversion,False_Neither:NA,False_Misconception:Duplication
7886,False_Neither:NA,False_Misconception:Mult,False_Correct:NA
14602,True_Correct:NA,True_Neither:NA,True_Misconception:SwapDividend
17735,True_Neither:NA,True_Correct:NA,True_Misconception:Inversion
2464,False_Neither:NA,False_Misconception:WNB,False_Misconception:Incomplete
5124,False_Misconception:Mult,False_Neither:NA,False_Misconception:SwapDividend
35156,True_Correct:NA,True_Neither:NA,True_Misconception:Multiplying_by_4
21649,True_Correct:NA,True_Neither:NA,True_Misconception:Duplication
2265,True_Correct:NA,True_Neither:NA,True_Misconception:Incomplete
29705,False_Neither:NA,False_Misconception:Tacking,False_Misconception:Subtraction
30802,True_Neither:NA,True_Correct:NA,True_Misconception:SwapDividend
22569,True_Correct:NA,True_Neither:NA,True_Misconception:Wrong_fraction
16970,True_Correct:NA,True_Neither:NA,True_Misconception:Duplication
13534,True_Correct:NA,True_Neither:NA,True_Misconception:Wrong_fraction
19133,False_Misconception:Duplication,False_Neither:NA,False_Misconception:Wrong_Operation
22268,True_Correct:NA,True_Neither:NA,True_Misconception:Adding_across
14786,True_Correct:NA,True_Neither:NA,True_Misconception:SwapDividend
35339,True_Correct:NA,True_Neither:NA,True_Misconception:SwapDividend
35405,True_Correct:NA,True_Neither:NA,True_Misconception:Multiplying_by_4
23918,True_Neither:NA,True_Correct:NA,True_Misconception:SwapDividend
1588,True_Correct:NA,True_Neither:NA,True_Misconception:Incomplete
27009,False_Neither:NA,False_Misconception:Positive,False_Misconception:Additive
31570,False_Misconception:Positive,False_Neither:NA,False_Misconception:Tacking
11438,False_Misconception:Additive,False_Neither:NA,True_Misconception:Additive
30202,True_Correct:NA,True_Neither:NA,True_Misconception:Positive
32526,False_Neither:NA,False_Misconception:Firstterm,False_Misconception:Wrong_term
30838,True_Neither:NA,True_Correct:NA,True_Misconception:Tacking
30504,True_Correct:NA,True_Misconception:Positive,True_Neither:NA
273,True_Correct:NA,True_Neither:NA,True_Misconception:Incomplete
34625,True_Correct:NA,True_Neither:NA,True_Misconception:Wrong_term
25157,True_Neither:NA,True_Correct:NA,True_Misconception:Tacking
7306,True_Correct:NA,True_Neither:NA,True_Misconception:Mult
33992,True_Correct:NA,True_Neither:NA,True_Misconception:Wrong_term
6925,True_Correct:NA,True_Neither:NA,False_Neither:NA
21968,True_Correct:NA,True_Neither:NA,True_Misconception:Incomplete
34482,True_Correct:NA,True_Neither:NA,True_Misconception:Wrong_term
10660,True_Neither:NA,True_Correct:NA,True_Misconception:Additive
30170,True_Neither:NA,True_Misconception:Tacking,True_Correct:NA
1661,True_Correct:NA,True_Neither:NA,True_Misconception:Incomplete
33735,True_Neither:NA,True_Correct:NA,True_Misconception:Firstterm
12092,False_Neither:NA,False_Misconception:Additive,False_Misconception:Wrong_term
16699,True_Correct:NA,True_Neither:NA,True_Misconception:Duplication
25838,False_Neither:NA,False_Misconception:Denominator-only_change,False_Misconception:Irrelevant
14876,True_Correct:NA,True_Neither:NA,True_Misconception:Mult
2133,True_Neither:NA,True_Misconception:WNB,True_Correct:NA
11414,False_Misconception:Additive,False_Neither:NA,True_Misconception:Additive
4707,False_Misconception:Incomplete,False_Neither:NA,False_Correct:NA
263,True_Correct:NA,True_Neither:NA,True_Misconception:Incomplete
27212,False_Misconception:Subtraction,False_Neither:NA,False_Correct:NA
21680,True_Correct:NA,True_Neither:NA,True_Misconception:Mult
4,True_Correct:NA,True_Neither:NA,True_Misconception:Incomplete
19647,False_Misconception:Inversion,False_Neither:NA,False_Misconception:Duplication
8639,False_Neither:NA,False_Misconception:Wrong_Fraction,False_Correct:NA
23170,False_Neither:NA,False_Misconception:Wrong_fraction,False_Misconception:Incomplete
28790,True_Neither:NA,True_Correct:NA,True_Misconception:Definition
35028,True_Correct:NA,True_Neither:NA,True_Misconception:Multiplying_by_4
18127,True_Neither:NA,True_Correct:NA,True_Misconception:SwapDividend
28303,False_Misconception:Unknowable,False_Neither:NA,False_Misconception:Interior
32500,False_Misconception:Wrong_term,False_Neither:NA,False_Correct:NA
10887,False_Misconception:Irrelevant,False_Neither:NA,True_Misconception:Irrelevant
7293,True_Correct:NA,True_Neither:NA,True_Misconception:Mult
26383,True_Correct:NA,True_Neither:NA,True_Misconception:Division
28214,False_Misconception:Unknowable,False_Neither:NA,False_Misconception:Wrong_term
6390,True_Correct:NA,True_Neither:NA,True_Misconception:Mult
25878,False_Neither:NA,False_Misconception:Denominator-only_change,False_Misconception:Adding_across
3219,False_Misconception:Incomplete,False_Neither:NA,False_Correct:NA
36494,False_Neither:NA,False_Misconception:Scale,False_Misconception:Certainty
25300,False_Neither:NA,False_Correct:NA,False_Misconception:Incorrect_equivalent_fraction_addition
23978,True_Neither:NA,True_Correct:NA,False_Neither:NA
3063,False_Misconception:Incomplete,False_Neither:NA,False_Correct:NA
22450,True_Correct:NA,True_Neither:NA,True_Misconception:Wrong_fraction
34033,True_Correct:NA,True_Neither:NA,True_Misconception:Wrong_term
30379,True_Neither:NA,True_Correct:NA,False_Neither:NA
8615,False_Neither:NA,False_Misconception:Wrong_Fraction,False_Misconception:Incomplete
34906,False_Neither:NA,False_Misconception:Firstterm,False_Correct:NA
21717,True_Neither:NA,True_Correct:NA,True_Misconception:Irrelevant
24186,True_Neither:NA,True_Correct:NA,True_Misconception:Inversion
4968,False_Misconception:Mult,False_Neither:NA,False_Misconception:SwapDividend
34011,True_Correct:NA,True_Neither:NA,True_Misconception:Wrong_term
8278,False_Misconception:Wrong_Fraction,False_Neither:NA,False_Correct:NA
6215,True_Correct:NA,True_Neither:NA,True_Misconception:Mult
2237,True_Correct:NA,True_Misconception:Incomplete,True_Neither:NA
13710,True_Correct:NA,True_Neither:NA,True_Misconception:Mult
7567,False_Neither:NA,False_Misconception:SwapDividend,False_Misconception:FlipChange
2541,False_Misconception:WNB,False_Neither:NA,False_Correct:NA
21051,True_Correct:NA,True_Neither:NA,True_Misconception:Mult
21465,True_Neither:NA,True_Correct:NA,True_Misconception:Shorter_is_bigger
3914,False_Misconception:Incomplete,False_Neither:NA,False_Correct:NA
8146,False_Neither:NA,False_Misconception:Incomplete,False_Misconception:Irrelevant
19374,False_Misconception:Inversion,False_Neither:NA,False_Correct:NA
30545,True_Neither:NA,True_Misconception:Tacking,True_Correct:NA
2213,True_Neither:NA,True_Correct:NA,True_Misconception:Division
28814,True_Neither:NA,True_Correct:NA,True_Misconception:Irrelevant
22806,True_Correct:NA,True_Neither:NA,True_Misconception:Wrong_fraction
18600,False_Neither:NA,False_Misconception:Duplication,False_Correct:NA
15388,True_Correct:NA,True_Neither:NA,True_Misconception:SwapDividend
20757,True_Correct:NA,True_Neither:NA,True_Misconception:Incomplete
24663,True_Correct:NA,True_Neither:NA,True_Misconception:FlipChange
8404,False_Misconception:Wrong_Fraction,False_Neither:NA,False_Misconception:Inverse_operation
19102,False_Neither:NA,False_Misconception:Longer_is_bigger,False_Misconception:Duplication
26433,True_Neither:NA,True_Misconception:Shorter_is_bigger,True_Misconception:Division
33490,True_Correct:NA,True_Neither:NA,True_Misconception:Wrong_term
22321,True_Correct:NA,True_Neither:NA,True_Misconception:Wrong_fraction
4170,False_Misconception:Incomplete,False_Neither:NA,False_Correct:NA
11107,False_Neither:NA,False_Misconception:Irrelevant,False_Misconception:Scale
24380,True_Correct:NA,True_Neither:NA,True_Misconception:Incorrect_equivalent_fraction_addition
35592,False_Misconception:Multiplying_by_4,False_Neither:NA,False_Misconception:Base_rate
34924,False_Misconception:Firstterm,False_Neither:NA,False_Correct:NA
21813,True_Correct:NA,True_Neither:NA,True_Misconception:Inversion
24359,True_Correct:NA,True_Neither:NA,True_Misconception:Mult
959,True_Correct:NA,True_Neither:NA,True_Misconception:Incomplete
16367,False_Misconception:Not_variable,False_Neither:NA,False_Correct:NA
8707,False_Neither:NA,False_Misconception:Irrelevant,False_Misconception:Incomplete
12309,False_Misconception:Additive,True_Misconception:Additive,False_Neither:NA
34099,True_Neither:NA,True_Correct:NA,False_Neither:NA
9998,True_Correct:NA,True_Neither:NA,False_Neither:NA
20826,True_Correct:NA,True_Neither:NA,True_Misconception:Shorter_is_bigger
608,True_Correct:NA,True_Neither:NA,True_Misconception:WNB
32782,False_Neither:NA,False_Misconception:Firstterm,False_Misconception:Wrong_term
12022,False_Misconception:Additive,False_Neither:NA,True_Misconception:Additive
11794,False_Misconception:Additive,True_Misconception:Additive,False_Neither:NA
8326,False_Neither:NA,False_Misconception:Wrong_Fraction,False_Misconception:Incomplete
21896,True_Correct:NA,True_Neither:NA,True_Misconception:Shorter_is_bigger
29789,False_Misconception:Tacking,True_Misconception:Tacking,False_Neither:NA
21024,True_Neither:NA,True_Correct:NA,True_Misconception:Inversion
11713,False_Misconception:Additive,False_Neither:NA,False_Misconception:Not_variable
35850,True_Correct:NA,True_Neither:NA,True_Misconception:Wrong_fraction
7402,True_Correct:NA,True_Neither:NA,True_Misconception:SwapDividend
20883,True_Correct:NA,True_Neither:NA,True_Misconception:Shorter_is_bigger
2445,False_Neither:NA,False_Misconception:Irrelevant,False_Correct:NA
791,True_Neither:NA,True_Correct:NA,False_Misconception:Incomplete
24227,True_Neither:NA,True_Correct:NA,True_Misconception:Denominator-only_change
4519,False_Misconception:Incomplete,False_Neither:NA,False_Correct:NA
17843,True_Correct:NA,True_Neither:NA,True_Misconception:Inversion
2029,True_Neither:NA,True_Correct:NA,True_Misconception:WNB
3189,False_Misconception:Incomplete,False_Neither:NA,False_Misconception:WNB
16435,False_Misconception:Not_variable,False_Neither:NA,False_Misconception:Inverse_operation
12287,False_Misconception:Additive,False_Neither:NA,True_Misconception:Additive
34280,True_Correct:NA,True_Neither:NA,True_Misconception:Wrong_term
8880,False_Neither:NA,False_Misconception:Mult,False_Misconception:Irrelevant
23634,True_Neither:NA,True_Correct:NA,True_Misconception:Denominator-only_change
4650,False_Misconception:Incomplete,False_Neither:NA,False_Correct:NA
15490,True_Correct:NA,True_Neither:NA,True_Misconception:SwapDividend
24166,True_Correct:NA,True_Neither:NA,True_Misconception:Denominator-only_change
14486,True_Correct:NA,True_Neither:NA,True_Misconception:SwapDividend
3799,False_Neither:NA,False_Misconception:Incomplete,False_Correct:NA
9525,True_Neither:NA,True_Correct:NA,True_Misconception:Tacking
24061,True_Correct:NA,True_Neither:NA,True_Misconception:Denominator-only_change
8471,False_Misconception:Wrong_Fraction,False_Neither:NA,False_Misconception:Inverse_operation
725,True_Neither:NA,True_Correct:NA,True_Misconception:WNB
8059,False_Neither:NA,False_Misconception:Incomplete,False_Correct:NA
21772,True_Neither:NA,True_Correct:NA,True_Misconception:Irrelevant
36016,True_Correct:NA,True_Neither:NA,True_Misconception:SwapDividend
19079,False_Neither:NA,False_Misconception:Duplication,False_Misconception:Inversion
2867,False_Neither:NA,False_Correct:NA,False_Misconception:WNB
26106,False_Misconception:Adding_across,False_Neither:NA,False_Misconception:Denominator-only_change
36014,True_Correct:NA,True_Neither:NA,True_Misconception:Incomplete
8087,False_Misconception:Incomplete,False_Neither:NA,False_Misconception:Division
35444,True_Correct:NA,True_Neither:NA,True_Misconception:Division
22001,True_Neither:NA,True_Correct:NA,True_Misconception:Shorter_is_bigger
17720,True_Correct:NA,True_Neither:NA,True_Misconception:Duplication
34420,True_Correct:NA,True_Neither:NA,True_Misconception:Wrong_term
6419,True_Correct:NA,True_Neither:NA,True_Misconception:Mult
12082,False_Neither:NA,False_Misconception:Irrelevant,False_Misconception:Additive
911,True_Correct:NA,True_Neither:NA,True_Misconception:Incomplete
26881,True_Correct:NA,True_Neither:NA,True_Misconception:Division
14284,False_Neither:NA,False_Misconception:WNB,False_Misconception:Additive
33438,True_Correct:NA,True_Neither:NA,True_Misconception:Wrong_term
7638,False_Misconception:SwapDividend,False_Misconception:FlipChange,False_Neither:NA
25787,False_Neither:NA,False_Misconception:Adding_across,False_Misconception:Denominator-only_change
10499,True_Correct:NA,True_Neither:NA,True_Misconception:SwapDividend
7090,True_Correct:NA,True_Neither:NA,True_Misconception:Mult
34871,False_Neither:NA,False_Misconception:Wrong_term,False_Misconception:Definition
17746,True_Correct:NA,True_Neither:NA,True_Misconception:Duplication
36316,False_Neither:NA,False_Misconception:Scale,False_Misconception:Certainty
16372,False_Misconception:Not_variable,False_Neither:NA,False_Misconception:Inverse_operation
30261,True_Misconception:Tacking,True_Neither:NA,True_Misconception:Denominator-only_change
13630,True_Correct:NA,True_Neither:NA,True_Misconception:Irrelevant
20870,True_Correct:NA,True_Neither:NA,True_Misconception:Inversion
22802,True_Correct:NA,True_Neither:NA,True_Misconception:Wrong_fraction
4641,False_Neither:NA,False_Misconception:Incomplete,False_Correct:NA
23427,False_Misconception:Wrong_fraction,False_Neither:NA,False_Misconception:Irrelevant
17687,True_Correct:NA,True_Neither:NA,True_Misconception:Incorrect_equivalent_fraction_addition
12711,True_Correct:NA,True_Neither:NA,True_Misconception:Mult
24640,True_Correct:NA,True_Neither:NA,True_Misconception:FlipChange
10261,True_Correct:NA,True_Neither:NA,True_Misconception:Mult
10038,True_Correct:NA,True_Neither:NA,True_Misconception:SwapDividend
27102,False_Misconception:Division,False_Neither:NA,False_Misconception:Subtraction
31357,True_Correct:NA,True_Neither:NA,True_Misconception:Positive
3220,False_Misconception:Incomplete,False_Neither:NA,False_Correct:NA
31580,False_Misconception:Positive,False_Neither:NA,False_Correct:NA
22186,True_Correct:NA,True_Neither:NA,True_Misconception:Wrong_fraction
10453,True_Correct:NA,True_Neither:NA,True_Misconception:Wrong_term
18273,False_Misconception:Duplication,False_Neither:NA,False_Misconception:Inversion
27750,False_Misconception:Subtraction,False_Neither:NA,False_Misconception:Division
2357,False_Misconception:WNB,False_Neither:NA,False_Misconception:Incomplete
16068,True_Correct:NA,True_Neither:NA,True_Misconception:Duplication
5354,False_Misconception:Mult,False_Neither:NA,False_Misconception:SwapDividend
15598,True_Correct:NA,True_Neither:NA,True_Misconception:SwapDividend
36308,False_Misconception:Scale,False_Neither:NA,False_Misconception:Certainty
18303,False_Misconception:Duplication,False_Neither:NA,False_Misconception:Inversion
3673,False_Misconception:Incomplete,False_Neither:NA,False_Misconception:WNB
1912,True_Correct:NA,True_Neither:NA,True_Misconception:Incomplete
5925,True_Neither:NA,True_Correct:NA,True_Misconception:FlipChange
32786,False_Neither:NA,False_Misconception:Firstterm,False_Misconception:Wrong_term
18003,True_Neither:NA,True_Correct:NA,True_Misconception:Inversion
22530,True_Correct:NA,True_Neither:NA,True_Misconception:Wrong_fraction
24444,True_Neither:NA,True_Correct:NA,False_Neither:NA
27978,False_Misconception:Subtraction,False_Neither:NA,False_Misconception:Additive
4351,False_Misconception:Incomplete,False_Neither:NA,False_Correct:NA
21726,True_Neither:NA,True_Correct:NA,True_Misconception:Shorter_is_bigger
28514,False_Misconception:Unknowable,False_Neither:NA,False_Misconception:Certainty
1710,True_Correct:NA,True_Neither:NA,True_Misconception:WNB
13192,True_Correct:NA,True_Neither:NA,True_Misconception:Irrelevant
1348,True_Correct:NA,True_Neither:NA,True_Misconception:Incomplete
6904,True_Correct:NA,True_Neither:NA,True_Misconception:Mult
14427,True_Correct:NA,True_Neither:NA,True_Misconception:Mult
12599,True_Correct:NA,True_Neither:NA,True_Misconception:Irrelevant
29260,False_Neither:NA,False_Misconception:Definition,False_Misconception:Unknowable
27347,False_Misconception:Subtraction,False_Neither:NA,False_Misconception:Division
30039,False_Neither:NA,False_Misconception:Positive,False_Misconception:Tacking
33618,True_Correct:NA,True_Neither:NA,True_Misconception:Wrong_term
21298,True_Correct:NA,True_Neither:NA,True_Misconception:Inversion
22898,False_Neither:NA,False_Misconception:Incomplete,False_Misconception:Subtraction
35923,True_Neither:NA,True_Correct:NA,True_Misconception:Definition
1771,True_Correct:NA,True_Neither:NA,True_Misconception:Incomplete
10670,True_Correct:NA,True_Neither:NA,True_Misconception:Incomplete
34023,True_Correct:NA,True_Neither:NA,True_Misconception:Wrong_term
33374,True_Correct:NA,True_Neither:NA,True_Misconception:Wrong_term
30107,True_Correct:NA,True_Neither:NA,True_Misconception:Mult
11546,False_Misconception:Additive,False_Neither:NA,True_Misconception:Additive
26989,False_Neither:NA,False_Misconception:Subtraction,False_Misconception:Adding_across
20712,True_Neither:NA,True_Correct:NA,False_Misconception:Whole_numbers_larger
11832,False_Misconception:Additive,False_Neither:NA,True_Misconception:Additive
24213,True_Correct:NA,True_Neither:NA,True_Misconception:Duplication
11693,False_Misconception:Additive,False_Neither:NA,True_Misconception:Additive
35350,True_Neither:NA,True_Correct:NA,True_Misconception:SwapDividend
30426,True_Correct:NA,True_Neither:NA,True_Misconception:Tacking
34085,True_Correct:NA,True_Neither:NA,True_Misconception:Wrong_term
24855,True_Correct:NA,True_Neither:NA,True_Misconception:Denominator-only_change
1253,True_Neither:NA,True_Correct:NA,True_Misconception:WNB
32140,False_Misconception:Positive,False_Neither:NA,False_Misconception:Tacking
29889,False_Neither:NA,False_Misconception:Positive,False_Misconception:Tacking
34208,True_Neither:NA,True_Correct:NA,True_Misconception:Wrong_term
12918,True_Correct:NA,True_Neither:NA,True_Misconception:SwapDividend
4900,False_Neither:NA,False_Misconception:Mult,False_Misconception:SwapDividend
17362,True_Correct:NA,True_Neither:NA,True_Misconception:Duplication
8920,False_Neither:NA,False_Misconception:Irrelevant,False_Correct:NA
21743,True_Correct:NA,True_Neither:NA,True_Misconception:Inversion
11598,False_Misconception:Additive,True_Misconception:Additive,False_Neither:NA
4471,False_Misconception:Incomplete,False_Misconception:WNB,False_Neither:NA
12507,False_Misconception:Additive,False_Neither:NA,True_Misconception:Additive
18404,False_Neither:NA,False_Correct:NA,False_Misconception:Wrong_Operation
27584,False_Misconception:Subtraction,False_Neither:NA,False_Misconception:Division
13633,True_Correct:NA,True_Neither:NA,True_Misconception:Incorrect_equivalent_fraction_addition
30251,True_Correct:NA,True_Neither:NA,True_Misconception:Tacking
20137,False_Misconception:Whole_numbers_larger,False_Neither:NA,False_Misconception:Shorter_is_bigger
30002,False_Neither:NA,False_Misconception:Tacking,False_Misconception:Positive
29457,False_Neither:NA,False_Misconception:Tacking,False_Misconception:Positive
31977,False_Neither:NA,False_Misconception:Positive,False_Misconception:Tacking
1731,True_Correct:NA,True_Neither:NA,True_Misconception:Incomplete
1707,True_Correct:NA,True_Neither:NA,True_Misconception:Incomplete
7270,True_Neither:NA,True_Correct:NA,True_Misconception:Mult
28351,False_Neither:NA,False_Misconception:Unknowable,False_Misconception:Interior
35752,True_Correct:NA,True_Neither:NA,True_Misconception:Wrong_fraction
4229,False_Neither:NA,False_Misconception:Incomplete,False_Correct:NA
30793,True_Neither:NA,True_Correct:NA,True_Misconception:Tacking
4082,False_Neither:NA,False_Misconception:Incomplete,False_Misconception:Wrong_term
24263,True_Correct:NA,True_Neither:NA,True_Misconception:Mult
4636,False_Misconception:Incomplete,False_Neither:NA,False_Correct:NA
70,True_Correct:NA,True_Neither:NA,True_Misconception:Incomplete
25399,False_Neither:NA,False_Misconception:Denominator-only_change,False_Misconception:Adding_across
19801,False_Neither:NA,False_Misconception:Shorter_is_bigger,False_Misconception:Whole_numbers_larger
19746,False_Misconception:Whole_numbers_larger,False_Neither:NA,False_Misconception:Shorter_is_bigger
14612,True_Correct:NA,True_Neither:NA,True_Misconception:Mult
3615,False_Misconception:Incomplete,False_Neither:NA,False_Misconception:WNB
843,True_Neither:NA,True_Correct:NA,True_Misconception:WNB
6948,True_Correct:NA,True_Neither:NA,True_Misconception:Mult
13462,True_Neither:NA,True_Misconception:Additive,False_Neither:NA
30160,True_Correct:NA,True_Neither:NA,True_Misconception:Tacking
14402,False_Misconception:WNB,False_Neither:NA,False_Misconception:Additive
25546,False_Misconception:Denominator-only_change,False_Misconception:Adding_across,False_Neither:NA
19759,False_Misconception:Whole_numbers_larger,False_Neither:NA,False_Misconception:Longer_is_bigger
7063,True_Neither:NA,True_Correct:NA,True_Misconception:SwapDividend
24463,True_Correct:NA,True_Neither:NA,True_Misconception:Incorrect_equivalent_fraction_addition
27679,False_Neither:NA,False_Misconception:Subtraction,False_Misconception:Division
18965,False_Neither:NA,False_Misconception:Duplication,False_Misconception:Wrong_Operation
26953,True_Correct:NA,True_Neither:NA,True_Misconception:Division
32867,False_Neither:NA,False_Misconception:Wrong_term,False_Misconception:Firstterm
19009,False_Misconception:Duplication,False_Neither:NA,False_Misconception:Wrong_Operation
16592,True_Neither:NA,True_Correct:NA,True_Misconception:Duplication
29590,False_Neither:NA,False_Misconception:Positive,False_Misconception:Tacking
11355,False_Misconception:Irrelevant,False_Neither:NA,False_Misconception:Additive
32264,False_Neither:NA,False_Misconception:Positive,False_Misconception:Tacking
20041,False_Misconception:Whole_numbers_larger,False_Neither:NA,False_Misconception:Longer_is_bigger
19718,False_Misconception:Whole_numbers_larger,False_Neither:NA,False_Misconception:Shorter_is_bigger
25206,True_Neither:NA,True_Correct:NA,True_Misconception:Inversion
23364,False_Misconception:Wrong_fraction,False_Correct:NA,False_Neither:NA
12272,False_Misconception:Additive,False_Neither:NA,True_Misconception:Additive
12904,True_Neither:NA,True_Misconception:Irrelevant,True_Misconception:Additive
4214,False_Neither:NA,False_Misconception:Incomplete,False_Misconception:Irrelevant
31527,False_Misconception:Positive,False_Neither:NA,False_Correct:NA
34032,True_Correct:NA,True_Neither:NA,True_Misconception:Wrong_term
83,True_Correct:NA,True_Neither:NA,True_Misconception:Incomplete
14788,True_Correct:NA,True_Neither:NA,True_Misconception:SwapDividend
16639,True_Correct:NA,True_Neither:NA,True_Misconception:Duplication
18377,False_Misconception:Duplication,False_Neither:NA,False_Correct:NA
3922,False_Misconception:Incomplete,False_Neither:NA,False_Correct:NA
19024,False_Misconception:Duplication,False_Neither:NA,False_Misconception:Inversion
9545,True_Correct:NA,True_Neither:NA,True_Misconception:Division
842,True_Correct:NA,True_Neither:NA,True_Misconception:WNB
17041,True_Correct:NA,True_Neither:NA,True_Misconception:Duplication
28360,False_Misconception:Unknowable,False_Neither:NA,False_Correct:NA
32942,False_Misconception:Wrong_term,False_Neither:NA,False_Correct:NA
27432,False_Misconception:Subtraction,False_Neither:NA,False_Misconception:Additive
36529,False_Misconception:Scale,False_Neither:NA,False_Misconception:Certainty
32380,False_Neither:NA,False_Misconception:Wrong_term,False_Misconception:Incomplete
34109,True_Correct:NA,True_Neither:NA,True_Misconception:Wrong_term
33712,True_Correct:NA,True_Neither:NA,True_Misconception:Wrong_term
7565,False_Neither:NA,False_Misconception:Mult,False_Misconception:SwapDividend
5356,False_Misconception:FlipChange,False_Misconception:SwapDividend,False_Neither:NA
32011,False_Misconception:Positive,False_Neither:NA,False_Correct:NA
17851,True_Correct:NA,True_Neither:NA,True_Misconception:Division
9550,True_Correct:NA,True_Neither:NA,True_Misconception:Incomplete
35244,True_Correct:NA,True_Neither:NA,True_Misconception:SwapDividend
32903,False_Misconception:Wrong_term,False_Neither:NA,False_Correct:NA
3928,False_Misconception:WNB,False_Misconception:Incomplete,False_Neither:NA
12831,True_Correct:NA,True_Neither:NA,True_Misconception:Mult
12915,True_Correct:NA,True_Neither:NA,True_Misconception:Irrelevant
25691,False_Misconception:Denominator-only_change,False_Neither:NA,False_Misconception:Inversion
33211,True_Correct:NA,True_Neither:NA,True_Misconception:Wrong_term
2592,False_Misconception:WNB,False_Neither:NA,False_Misconception:Incomplete
13484,True_Neither:NA,True_Misconception:Additive,True_Correct:NA
29646,False_Neither:NA,False_Misconception:Positive,False_Misconception:Tacking
29404,False_Neither:NA,False_Misconception:Positive,False_Misconception:Tacking
23163,False_Misconception:Wrong_fraction,False_Neither:NA,False_Correct:NA
34844,False_Neither:NA,False_Misconception:Wrong_term,False_Misconception:Firstterm
28510,False_Misconception:Unknowable,False_Neither:NA,False_Misconception:Interior
22210,True_Neither:NA,True_Correct:NA,True_Misconception:SwapDividend
31767,False_Neither:NA,False_Misconception:Positive,False_Correct:NA
8604,False_Misconception:Wrong_Fraction,False_Neither:NA,False_Misconception:Inverse_operation
28556,True_Correct:NA,True_Neither:NA,True_Misconception:Incorrect_equivalent_fraction_addition
1457,True_Neither:NA,True_Correct:NA,True_Misconception:WNB
35324,True_Correct:NA,True_Neither:NA,True_Misconception:Division
13745,True_Correct:NA,True_Neither:NA,True_Misconception:Incomplete
21528,True_Correct:NA,True_Neither:NA,True_Misconception:Mult
15772,True_Correct:NA,True_Neither:NA,True_Misconception:SwapDividend
23353,False_Neither:NA,False_Misconception:Wrong_fraction,False_Misconception:Incomplete
14631,True_Correct:NA,True_Neither:NA,True_Misconception:SwapDividend
14121,True_Correct:NA,True_Neither:NA,True_Misconception:Mult
11477,False_Neither:NA,False_Misconception:Irrelevant,False_Misconception:Additive
34288,True_Correct:NA,True_Neither:NA,True_Misconception:Wrong_term
19756,False_Misconception:Whole_numbers_larger,False_Neither:NA,False_Misconception:Shorter_is_bigger
16545,False_Neither:NA,False_Misconception:Certainty,False_Misconception:Unknowable
26682,True_Neither:NA,True_Correct:NA,True_Misconception:Division
31285,True_Correct:NA,True_Neither:NA,True_Misconception:Additive
35454,True_Neither:NA,True_Correct:NA,True_Misconception:SwapDividend
12216,False_Misconception:Additive,True_Misconception:Additive,False_Neither:NA
23045,False_Neither:NA,False_Misconception:Wrong_fraction,False_Correct:NA
14335,False_Neither:NA,False_Misconception:WNB,False_Misconception:Additive
32790,False_Misconception:Wrong_term,False_Neither:NA,False_Correct:NA
34735,False_Misconception:Firstterm,False_Neither:NA,True_Misconception:Firstterm
2900,False_Neither:NA,False_Misconception:Incomplete,False_Misconception:WNB
16914,True_Neither:NA,False_Neither:NA,True_Misconception:Additive
23114,False_Misconception:Wrong_fraction,False_Neither:NA,False_Correct:NA
5859,True_Neither:NA,True_Correct:NA,True_Misconception:SwapDividend
2854,False_Neither:NA,False_Misconception:Incomplete,False_Misconception:Adding_across
441,True_Neither:NA,True_Correct:NA,True_Misconception:SwapDividend
2275,True_Neither:NA,True_Correct:NA,True_Misconception:WNB
23783,True_Neither:NA,True_Correct:NA,True_Misconception:Inversion
1761,True_Correct:NA,True_Neither:NA,True_Misconception:SwapDividend
8568,False_Misconception:Wrong_Fraction,False_Neither:NA,False_Misconception:Inverse_operation
15315,True_Correct:NA,True_Neither:NA,True_Misconception:SwapDividend
35729,True_Correct:NA,True_Neither:NA,True_Misconception:SwapDividend
36631,False_Misconception:Scale,False_Neither:NA,False_Misconception:Certainty
7729,False_Misconception:Mult,False_Neither:NA,False_Misconception:SwapDividend
12440,False_Misconception:Additive,False_Neither:NA,True_Misconception:Additive
23068,False_Misconception:Wrong_fraction,False_Neither:NA,False_Correct:NA
5342,False_Misconception:Mult,False_Neither:NA,False_Misconception:SwapDividend
19633,False_Misconception:Inversion,False_Neither:NA,False_Misconception:Duplication
17957,True_Correct:NA,True_Neither:NA,True_Misconception:Inversion
30178,True_Neither:NA,True_Correct:NA,True_Misconception:Positive
19705,False_Misconception:Whole_numbers_larger,False_Neither:NA,False_Misconception:Shorter_is_bigger
10896,False_Misconception:Irrelevant,False_Neither:NA,True_Misconception:Irrelevant
11296,False_Misconception:Irrelevant,False_Neither:NA,False_Misconception:Wrong_fraction
20997,True_Neither:NA,True_Misconception:Shorter_is_bigger,False_Misconception:Whole_numbers_larger
25884,False_Neither:NA,False_Misconception:Denominator-only_change,False_Misconception:Adding_across
19221,False_Misconception:Inversion,False_Neither:NA,False_Misconception:Duplication
18900,False_Misconception:Duplication,False_Neither:NA,False_Misconception:Wrong_Operation
12792,True_Correct:NA,True_Neither:NA,True_Misconception:Mult
12843,True_Neither:NA,True_Correct:NA,True_Misconception:Duplication
7969,False_Neither:NA,False_Correct:NA,False_Misconception:Mult
7602,False_Neither:NA,False_Correct:NA,False_Misconception:Mult
3388,False_Neither:NA,False_Misconception:Incomplete,False_Correct:NA
11306,False_Misconception:Irrelevant,False_Neither:NA,True_Misconception:Irrelevant
13373,True_Neither:NA,True_Misconception:Irrelevant,True_Correct:NA
13290,True_Correct:NA,True_Neither:NA,True_Misconception:Additive
31391,True_Correct:NA,True_Neither:NA,True_Misconception:Positive
29096,False_Neither:NA,False_Correct:NA,False_Misconception:Definition
29929,False_Misconception:Tacking,False_Neither:NA,True_Misconception:Tacking
29580,False_Misconception:Tacking,False_Neither:NA,False_Misconception:Positive
22679,True_Correct:NA,True_Neither:NA,True_Misconception:Wrong_fraction
24168,True_Correct:NA,True_Neither:NA,True_Misconception:Denominator-only_change
3882,False_Misconception:Incomplete,False_Neither:NA,False_Correct:NA
19866,False_Neither:NA,False_Correct:NA,False_Misconception:Longer_is_bigger
24009,True_Neither:NA,True_Correct:NA,False_Neither:NA
2185,True_Correct:NA,True_Neither:NA,True_Misconception:Incomplete
6491,True_Correct:NA,True_Neither:NA,True_Misconception:Mult
11714,False_Misconception:Additive,False_Neither:NA,False_Misconception:Denominator-only_change
6002,True_Neither:NA,True_Correct:NA,True_Misconception:SwapDividend
35281,True_Correct:NA,True_Neither:NA,True_Misconception:SwapDividend
4984,False_Misconception:Mult,False_Neither:NA,False_Misconception:SwapDividend
28540,True_Correct:NA,True_Neither:NA,True_Misconception:SwapDividend
12340,False_Misconception:Additive,False_Neither:NA,False_Misconception:Irrelevant
35980,True_Neither:NA,False_Neither:NA,True_Correct:NA
15888,True_Correct:NA,True_Neither:NA,True_Misconception:SwapDividend
2754,False_Misconception:WNB,False_Neither:NA,False_Misconception:Incomplete
33553,True_Correct:NA,True_Neither:NA,True_Misconception:Wrong_term
30141,True_Correct:NA,True_Neither:NA,True_Misconception:Positive
13,True_Correct:NA,True_Neither:NA,True_Misconception:Incomplete
31409,True_Correct:NA,True_Neither:NA,True_Misconception:Positive
1829,True_Correct:NA,True_Neither:NA,True_Misconception:Incomplete
33246,True_Correct:NA,True_Neither:NA,True_Misconception:Wrong_term
312,True_Correct:NA,True_Neither:NA,True_Misconception:Incomplete
928,True_Correct:NA,True_Neither:NA,True_Misconception:Incomplete
25527,False_Misconception:Denominator-only_change,False_Misconception:Adding_across,False_Neither:NA
30982,True_Correct:NA,True_Neither:NA,False_Misconception:Positive
10513,True_Correct:NA,True_Neither:NA,True_Misconception:Wrong_term
16858,True_Correct:NA,True_Neither:NA,True_Misconception:Wrong_fraction
32120,False_Misconception:Positive,False_Neither:NA,True_Misconception:Positive
14200,True_Correct:NA,True_Misconception:Additive,True_Neither:NA
11912,False_Neither:NA,False_Misconception:Irrelevant,False_Misconception:Certainty
20488,True_Neither:NA,True_Correct:NA,True_Misconception:Shorter_is_bigger
25710,False_Neither:NA,False_Misconception:Positive,False_Misconception:Adding_across
16231,False_Misconception:Adding_terms,False_Neither:NA,False_Misconception:Wrong_term
26978,True_Correct:NA,True_Neither:NA,True_Misconception:Incomplete
2532,False_Neither:NA,False_Misconception:WNB,False_Misconception:Incomplete
19331,False_Misconception:Inversion,False_Neither:NA,False_Misconception:Wrong_Operation
34717,True_Correct:NA,True_Neither:NA,True_Misconception:Wrong_term
22283,True_Correct:NA,True_Neither:NA,True_Misconception:Incomplete
5030,False_Neither:NA,False_Misconception:Mult,False_Correct:NA
1426,True_Neither:NA,True_Correct:NA,True_Misconception:WNB
32444,False_Neither:NA,False_Misconception:Wrong_term,False_Misconception:Incomplete
14421,True_Correct:NA,True_Neither:NA,True_Misconception:SwapDividend
25630,False_Misconception:Denominator-only_change,False_Neither:NA,False_Misconception:Adding_across
22764,True_Correct:NA,True_Neither:NA,True_Misconception:Wrong_fraction
8857,False_Misconception:Irrelevant,False_Neither:NA,False_Misconception:Longer_is_bigger
1793,True_Neither:NA,True_Correct:NA,True_Misconception:Division
8589,False_Misconception:Wrong_Fraction,False_Neither:NA,False_Misconception:Inverse_operation
5686,True_Correct:NA,True_Neither:NA,True_Misconception:Mult
35001,True_Correct:NA,True_Neither:NA,True_Misconception:Irrelevant
26130,False_Misconception:Adding_across,False_Neither:NA,False_Misconception:Denominator-only_change
35596,False_Neither:NA,False_Correct:NA,False_Misconception:Longer_is_bigger
36061,True_Neither:NA,True_Correct:NA,True_Misconception:Inversion
35074,True_Correct:NA,True_Neither:NA,True_Misconception:SwapDividend
24654,True_Neither:NA,True_Correct:NA,False_Neither:NA
36194,True_Neither:NA,True_Correct:NA,False_Misconception:Certainty
26559,True_Correct:NA,True_Neither:NA,True_Misconception:Incomplete
5216,False_Misconception:FlipChange,False_Misconception:SwapDividend,False_Neither:NA
35931,True_Correct:NA,True_Neither:NA,True_Misconception:Wrong_fraction
13328,True_Correct:NA,True_Neither:NA,True_Misconception:Mult
28395,False_Misconception:Unknowable,False_Neither:NA,False_Misconception:Interior
23720,True_Correct:NA,True_Neither:NA,True_Misconception:Denominator-only_change
36528,False_Neither:NA,False_Misconception:Scale,False_Misconception:Certainty
10941,False_Misconception:Irrelevant,False_Neither:NA,False_Misconception:Wrong_fraction
1162,True_Correct:NA,True_Neither:NA,True_Misconception:Incomplete
3705,False_Misconception:Incomplete,False_Neither:NA,False_Correct:NA
12617,True_Misconception:Irrelevant,True_Neither:NA,False_Misconception:Irrelevant
8474,False_Misconception:Wrong_Fraction,False_Neither:NA,False_Misconception:Inverse_operation
1640,True_Neither:NA,True_Correct:NA,False_Neither:NA
20088,False_Misconception:Whole_numbers_larger,False_Neither:NA,False_Misconception:Shorter_is_bigger
32418,False_Misconception:Wrong_term,False_Neither:NA,False_Correct:NA
31941,False_Misconception:Positive,False_Neither:NA,False_Misconception:Tacking
31737,False_Neither:NA,False_Misconception:Tacking,False_Misconception:Positive
27193,False_Misconception:Subtraction,False_Neither:NA,False_Misconception:Division
5929,True_Neither:NA,True_Correct:NA,True_Misconception:FlipChange
35341,True_Correct:NA,True_Neither:NA,True_Misconception:SwapDividend
20717,True_Neither:NA,True_Correct:NA,True_Misconception:Shorter_is_bigger
14420,False_Neither:NA,False_Misconception:WNB,False_Correct:NA
14350,False_Neither:NA,False_Correct:NA,False_Misconception:Incorrect_equivalent_fraction_addition
31089,True_Neither:NA,True_Correct:NA,True_Misconception:Positive
16871,True_Correct:NA,True_Neither:NA,True_Misconception:Inversion
34101,True_Correct:NA,True_Neither:NA,True_Misconception:Wrong_term
11216,False_Misconception:Irrelevant,False_Neither:NA,True_Misconception:Irrelevant
31850,False_Neither:NA,False_Misconception:Positive,False_Misconception:Tacking
28463,False_Neither:NA,False_Misconception:Unknowable,False_Misconception:Interior
13943,True_Neither:NA,True_Correct:NA,True_Misconception:Irrelevant
22537,True_Correct:NA,True_Neither:NA,True_Misconception:Wrong_fraction
29715,False_Misconception:Tacking,False_Neither:NA,False_Misconception:Subtraction
12733,True_Correct:NA,True_Neither:NA,True_Misconception:Additive
5754,True_Neither:NA,True_Correct:NA,True_Misconception:SwapDividend
10986,False_Misconception:Irrelevant,True_Misconception:Irrelevant,False_Neither:NA
14324,False_Neither:NA,False_Correct:NA,False_Misconception:Irrelevant
11558,False_Misconception:Additive,True_Misconception:Additive,False_Neither:NA
23881,True_Neither:NA,True_Correct:NA,False_Neither:NA
22952,False_Neither:NA,False_Correct:NA,False_Misconception:Adding_across
17759,True_Correct:NA,True_Neither:NA,True_Misconception:Duplication
19000,False_Misconception:Duplication,False_Neither:NA,False_Misconception:Inversion
23430,False_Misconception:Wrong_fraction,False_Neither:NA,True_Misconception:Wrong_fraction
6870,True_Neither:NA,True_Correct:NA,True_Misconception:Mult
21200,True_Correct:NA,True_Neither:NA,True_Misconception:Incomplete
14994,True_Neither:NA,True_Misconception:Irrelevant,True_Correct:NA
30004,False_Neither:NA,False_Misconception:Positive,False_Misconception:Tacking
9263,True_Correct:NA,True_Neither:NA,True_Misconception:WNB
30353,True_Neither:NA,True_Correct:NA,True_Misconception:Tacking
29069,False_Misconception:Interior,False_Neither:NA,False_Correct:NA
33287,True_Neither:NA,True_Correct:NA,True_Misconception:Wrong_term
27234,False_Misconception:Subtraction,False_Neither:NA,False_Misconception:Division
14363,False_Neither:NA,False_Correct:NA,False_Misconception:WNB
14176,True_Correct:NA,True_Neither:NA,True_Misconception:Mult
17909,True_Correct:NA,True_Neither:NA,True_Misconception:Duplication
15056,True_Correct:NA,True_Neither:NA,True_Misconception:SwapDividend
22602,True_Correct:NA,True_Neither:NA,True_Misconception:Incorrect_equivalent_fraction_addition
11024,False_Misconception:Irrelevant,False_Neither:NA,True_Misconception:Irrelevant
11286,False_Misconception:Irrelevant,False_Neither:NA,True_Misconception:Irrelevant
12556,True_Correct:NA,True_Neither:NA,True_Misconception:Wrong_fraction
27274,False_Misconception:Subtraction,False_Neither:NA,False_Correct:NA
9731,True_Correct:NA,True_Neither:NA,True_Misconception:Wrong_fraction
21883,True_Neither:NA,True_Correct:NA,True_Misconception:Shorter_is_bigger
10829,False_Misconception:Irrelevant,False_Neither:NA,True_Misconception:Irrelevant
1786,True_Neither:NA,True_Correct:NA,True_Misconception:Irrelevant
13096,True_Neither:NA,True_Correct:NA,True_Misconception:Additive
27753,False_Misconception:Subtraction,False_Neither:NA,False_Misconception:Division
35114,True_Correct:NA,True_Neither:NA,True_Misconception:FlipChange
31625,False_Misconception:Positive,False_Neither:NA,False_Correct:NA
3645,False_Misconception:Incomplete,False_Neither:NA,False_Correct:NA
6996,True_Neither:NA,True_Correct:NA,True_Misconception:SwapDividend
6043,True_Correct:NA,True_Neither:NA,True_Misconception:Inversion
35458,True_Correct:NA,True_Neither:NA,True_Misconception:Multiplying_by_4
31194,True_Neither:NA,True_Correct:NA,False_Neither:NA
32837,False_Misconception:Wrong_term,False_Neither:NA,False_Misconception:Adding_terms
17516,True_Correct:NA,True_Neither:NA,True_Misconception:Inversion
27183,False_Neither:NA,False_Misconception:Subtraction,False_Misconception:Denominator-only_change
21257,True_Neither:NA,True_Correct:NA,True_Misconception:Additive
31196,True_Misconception:Tacking,False_Misconception:Tacking,True_Neither:NA
9798,True_Correct:NA,True_Neither:NA,True_Misconception:Wrong_fraction
33635,True_Correct:NA,True_Neither:NA,True_Misconception:Wrong_term
33626,True_Neither:NA,True_Correct:NA,True_Misconception:Inversion
23601,True_Correct:NA,True_Neither:NA,True_Misconception:Mult
8279,False_Misconception:Wrong_Fraction,False_Neither:NA,False_Correct:NA
30842,True_Neither:NA,True_Correct:NA,True_Misconception:SwapDividend
18999,False_Neither:NA,False_Misconception:Inversion,False_Misconception:Duplication
32999,False_Misconception:Wrong_term,False_Neither:NA,False_Correct:NA
17281,True_Correct:NA,True_Neither:NA,True_Misconception:Adding_across
25236,False_Neither:NA,False_Correct:NA,False_Misconception:Incorrect_equivalent_fraction_addition
16166,False_Misconception:Adding_terms,False_Neither:NA,False_Misconception:Incomplete
20392,True_Neither:NA,True_Correct:NA,True_Misconception:Shorter_is_bigger
33564,True_Correct:NA,True_Neither:NA,True_Misconception:Wrong_term
32141,False_Neither:NA,False_Misconception:Positive,False_Misconception:Tacking
22241,True_Correct:NA,True_Neither:NA,True_Misconception:Wrong_fraction
30338,True_Neither:NA,True_Correct:NA,True_Misconception:Tacking
75,True_Neither:NA,True_Correct:NA,True_Misconception:WNB
7475,False_Neither:NA,False_Misconception:SwapDividend,False_Misconception:FlipChange
26791,True_Neither:NA,True_Misconception:Division,False_Misconception:Division
17446,True_Neither:NA,True_Correct:NA,False_Neither:NA
11044,False_Misconception:Irrelevant,False_Neither:NA,False_Misconception:Incomplete
12560,True_Correct:NA,True_Neither:NA,True_Misconception:Irrelevant
30648,True_Correct:NA,True_Neither:NA,True_Misconception:Positive
29468,False_Neither:NA,False_Misconception:Tacking,False_Misconception:Positive
30084,False_Neither:NA,False_Misconception:Tacking,False_Misconception:Positive
1188,True_Neither:NA,True_Correct:NA,True_Misconception:WNB
13063,True_Neither:NA,True_Correct:NA,True_Misconception:Additive
2348,False_Neither:NA,False_Misconception:Unknowable,False_Correct:NA
7578,False_Misconception:Mult,False_Misconception:SwapDividend,False_Neither:NA
8220,False_Correct:NA,False_Neither:NA,False_Misconception:Multiplying_by_4
27221,False_Misconception:Subtraction,False_Neither:NA,False_Correct:NA
31092,True_Correct:NA,True_Neither:NA,True_Misconception:Positive
31973,False_Misconception:Positive,False_Neither:NA,True_Misconception:Positive
25144,True_Neither:NA,True_Correct:NA,True_Misconception:Denominator-only_change
28070,False_Misconception:Subtraction,False_Neither:NA,False_Misconception:Division
23883,True_Correct:NA,True_Neither:NA,True_Misconception:Adding_across
31361,True_Correct:NA,True_Misconception:Positive,True_Neither:NA
26749,True_Correct:NA,True_Neither:NA,True_Misconception:Subtraction
18500,False_Neither:NA,False_Misconception:Duplication,False_Correct:NA
21718,True_Neither:NA,True_Correct:NA,True_Misconception:Shorter_is_bigger
27211,False_Misconception:Subtraction,False_Neither:NA,False_Correct:NA
32195,False_Misconception:Positive,False_Neither:NA,False_Misconception:Tacking
967,True_Correct:NA,True_Misconception:Incomplete,True_Neither:NA
32966,False_Neither:NA,False_Misconception:Wrong_term,False_Misconception:Adding_terms
20220,False_Neither:NA,False_Misconception:Longer_is_bigger,False_Misconception:Shorter_is_bigger
8133,False_Misconception:Incomplete,False_Neither:NA,False_Misconception:Irrelevant
3208,False_Misconception:Incomplete,False_Neither:NA,False_Misconception:WNB
6334,True_Correct:NA,True_Neither:NA,True_Misconception:SwapDividend
31988,False_Neither:NA,False_Misconception:Positive,False_Misconception:Tacking
22131,True_Correct:NA,True_Neither:NA,True_Misconception:Incomplete
27309,False_Misconception:Subtraction,False_Neither:NA,False_Misconception:Division
26645,True_Neither:NA,True_Correct:NA,True_Misconception:Division
9061,True_Correct:NA,True_Neither:NA,True_Misconception:SwapDividend
21102,True_Neither:NA,True_Correct:NA,True_Misconception:Shorter_is_bigger
6056,True_Neither:NA,True_Correct:NA,False_Neither:NA
34315,True_Correct:NA,True_Neither:NA,True_Misconception:Wrong_term
35026,True_Correct:NA,True_Neither:NA,True_Misconception:Wrong_term
17054,True_Correct:NA,True_Neither:NA,True_Misconception:Inversion
3105,False_Misconception:Incomplete,False_Neither:NA,False_Misconception:WNB
24862,True_Correct:NA,True_Neither:NA,True_Misconception:Denominator-only_change
28791,True_Neither:NA,True_Correct:NA,True_Misconception:Duplication
24562,True_Correct:NA,True_Neither:NA,True_Misconception:Wrong_term
1553,True_Neither:NA,True_Misconception:WNB,True_Correct:NA
6186,True_Neither:NA,True_Correct:NA,True_Misconception:Mult
35252,True_Correct:NA,True_Neither:NA,True_Misconception:FlipChange
13475,True_Correct:NA,True_Neither:NA,True_Misconception:Irrelevant
9222,True_Correct:NA,True_Neither:NA,True_Misconception:Incomplete
34502,True_Correct:NA,True_Neither:NA,True_Misconception:Wrong_term
12301,False_Neither:NA,False_Misconception:Additive,False_Correct:NA
16525,False_Misconception:Not_variable,False_Neither:NA,False_Misconception:Inverse_operation
13816,True_Misconception:Irrelevant,True_Correct:NA,True_Neither:NA
29999,False_Neither:NA,False_Misconception:Positive,False_Misconception:Tacking
20129,False_Misconception:Whole_numbers_larger,False_Neither:NA,False_Misconception:Shorter_is_bigger
22197,True_Correct:NA,True_Neither:NA,True_Misconception:Wrong_fraction
20578,True_Correct:NA,True_Neither:NA,True_Misconception:Incomplete
29936,False_Misconception:Tacking,False_Neither:NA,False_Misconception:Positive
29499,False_Neither:NA,False_Misconception:Tacking,False_Misconception:Positive
24851,True_Neither:NA,True_Correct:NA,True_Misconception:Inversion
13351,True_Correct:NA,True_Neither:NA,True_Misconception:Incomplete
10980,False_Misconception:Irrelevant,False_Neither:NA,False_Misconception:Additive
34304,True_Correct:NA,True_Neither:NA,True_Misconception:Wrong_term
25861,False_Neither:NA,False_Misconception:Denominator-only_change,False_Misconception:Certainty
25334,False_Misconception:Denominator-only_change,False_Misconception:Adding_across,False_Neither:NA
21910,True_Correct:NA,True_Neither:NA,True_Misconception:Wrong_term
14403,False_Neither:NA,False_Correct:NA,False_Misconception:Incorrect_equivalent_fraction_addition
9831,True_Correct:NA,True_Neither:NA,True_Misconception:SwapDividend
32502,False_Misconception:Wrong_term,False_Neither:NA,False_Misconception:Adding_terms
31763,False_Misconception:Positive,False_Neither:NA,False_Misconception:Tacking
36279,True_Correct:NA,True_Neither:NA,True_Misconception:Incomplete
20476,True_Neither:NA,True_Correct:NA,True_Misconception:Inversion
15684,True_Correct:NA,True_Neither:NA,True_Misconception:SwapDividend
31753,False_Misconception:Positive,False_Neither:NA,False_Correct:NA
20615,True_Correct:NA,True_Neither:NA,True_Misconception:Mult
24739,True_Neither:NA,True_Correct:NA,True_Misconception:Additive
19290,False_Misconception:Inversion,False_Neither:NA,False_Misconception:Duplication
33277,True_Neither:NA,True_Correct:NA,True_Misconception:Tacking
1576,True_Correct:NA,True_Neither:NA,True_Misconception:Incomplete
23685,True_Neither:NA,True_Correct:NA,True_Misconception:Denominator-only_change
210,True_Correct:NA,True_Neither:NA,True_Misconception:Incomplete
29286,False_Neither:NA,False_Misconception:Unknowable,False_Misconception:Firstterm
26034,False_Misconception:Adding_across,False_Neither:NA,False_Misconception:Denominator-only_change
25082,True_Neither:NA,True_Correct:NA,True_Misconception:Inversion
11685,False_Misconception:Additive,False_Neither:NA,True_Misconception:Additive
24332,True_Correct:NA,True_Neither:NA,True_Misconception:Inversion
21439,True_Neither:NA,True_Correct:NA,True_Misconception:Shorter_is_bigger
12728,True_Correct:NA,True_Neither:NA,True_Misconception:Wrong_fraction
35736,True_Correct:NA,True_Neither:NA,True_Misconception:FlipChange
25713,False_Misconception:Denominator-only_change,True_Misconception:Denominator-only_change,False_Misconception:Adding_across
26321,False_Misconception:Adding_across,False_Neither:NA,False_Misconception:Denominator-only_change
26980,True_Correct:NA,True_Neither:NA,True_Misconception:Incomplete
308,True_Correct:NA,True_Neither:NA,True_Misconception:Incomplete
18119,True_Correct:NA,True_Neither:NA,True_Misconception:Duplication
25681,False_Neither:NA,False_Misconception:Denominator-only_change,False_Misconception:Adding_across
18415,False_Misconception:Duplication,False_Neither:NA,False_Correct:NA
11532,False_Misconception:Additive,False_Neither:NA,False_Misconception:Irrelevant
9644,True_Correct:NA,True_Neither:NA,True_Misconception:SwapDividend
34495,True_Correct:NA,True_Neither:NA,True_Misconception:Wrong_term
22456,True_Correct:NA,True_Neither:NA,True_Misconception:Wrong_fraction
16815,True_Correct:NA,True_Neither:NA,True_Misconception:Mult
30770,True_Misconception:Tacking,False_Misconception:Tacking,True_Neither:NA
22454,True_Correct:NA,True_Neither:NA,True_Misconception:Wrong_fraction
21658,True_Correct:NA,True_Neither:NA,True_Misconception:Mult
35480,False_Neither:NA,False_Misconception:Base_rate,False_Correct:NA
28439,False_Misconception:Unknowable,False_Neither:NA,False_Misconception:Interior
21696,True_Correct:NA,True_Neither:NA,True_Misconception:Incomplete
25137,True_Neither:NA,True_Correct:NA,True_Misconception:Inversion
20485,True_Neither:NA,True_Correct:NA,True_Misconception:Inversion
30615,True_Correct:NA,True_Neither:NA,True_Misconception:Positive
7096,True_Neither:NA,True_Correct:NA,True_Misconception:Additive
9853,True_Correct:NA,True_Neither:NA,True_Misconception:WNB
15723,True_Correct:NA,True_Neither:NA,True_Misconception:Mult
268,True_Correct:NA,True_Neither:NA,True_Misconception:Incomplete
7294,True_Correct:NA,True_Neither:NA,True_Misconception:SwapDividend
21185,True_Neither:NA,True_Correct:NA,True_Misconception:Inversion
34598,True_Correct:NA,True_Neither:NA,True_Misconception:Wrong_term
16092,True_Correct:NA,True_Neither:NA,True_Misconception:Mult
29002,True_Correct:NA,True_Neither:NA,True_Misconception:Incomplete
13642,True_Correct:NA,True_Neither:NA,True_Misconception:Irrelevant
16171,False_Misconception:Adding_terms,False_Neither:NA,False_Misconception:Not_variable
2874,False_Neither:NA,False_Misconception:Adding_across,False_Misconception:Incomplete
8931,False_Neither:NA,False_Misconception:Irrelevant,False_Correct:NA
16356,False_Misconception:Not_variable,False_Neither:NA,False_Misconception:Incomplete
9396,True_Correct:NA,True_Neither:NA,True_Misconception:Wrong_term
3286,False_Neither:NA,False_Misconception:Incomplete,False_Misconception:WNB
33526,True_Correct:NA,True_Neither:NA,True_Misconception:Wrong_term
17766,True_Correct:NA,True_Neither:NA,True_Misconception:Inversion
26178,False_Misconception:Adding_across,False_Neither:NA,False_Misconception:Denominator-only_change
31695,False_Misconception:Positive,False_Neither:NA,True_Misconception:Positive
32773,False_Misconception:Wrong_term,False_Neither:NA,False_Correct:NA
10882,False_Misconception:Irrelevant,False_Neither:NA,False_Misconception:WNB
24447,True_Correct:NA,True_Neither:NA,True_Misconception:Mult
7945,False_Neither:NA,False_Misconception:SwapDividend,False_Misconception:Mult
2231,True_Correct:NA,True_Misconception:Incomplete,True_Neither:NA
18175,True_Correct:NA,True_Neither:NA,True_Misconception:SwapDividend
16583,True_Correct:NA,True_Neither:NA,True_Misconception:Duplication
4421,False_Misconception:Incomplete,False_Neither:NA,False_Correct:NA
25551,False_Misconception:Denominator-only_change,False_Misconception:Adding_across,False_Neither:NA
3776,False_Misconception:Incomplete,False_Neither:NA,False_Correct:NA
12768,True_Correct:NA,True_Neither:NA,True_Misconception:Irrelevant
11444,False_Misconception:Additive,True_Misconception:Additive,False_Neither:NA
14813,True_Correct:NA,True_Neither:NA,True_Misconception:SwapDividend
34986,True_Correct:NA,True_Neither:NA,True_Misconception:SwapDividend
18605,False_Misconception:Duplication,False_Neither:NA,False_Misconception:Inversion
34712,True_Correct:NA,True_Neither:NA,True_Misconception:Wrong_term
9430,True_Correct:NA,True_Neither:NA,True_Misconception:Incomplete
19504,False_Misconception:Inversion,False_Neither:NA,False_Misconception:Duplication
9925,True_Correct:NA,True_Neither:NA,True_Misconception:Wrong_fraction
30801,True_Neither:NA,True_Correct:NA,True_Misconception:Inversion
4824,False_Misconception:Incomplete,False_Neither:NA,False_Correct:NA
20634,True_Correct:NA,True_Neither:NA,True_Misconception:Shorter_is_bigger
25853,False_Misconception:Denominator-only_change,False_Neither:NA,False_Misconception:Adding_across
6524,True_Neither:NA,True_Correct:NA,True_Misconception:Inversion
5282,False_Misconception:Mult,False_Neither:NA,False_Misconception:SwapDividend
24693,True_Correct:NA,True_Neither:NA,True_Misconception:Mult
15252,True_Correct:NA,True_Neither:NA,True_Misconception:SwapDividend
27422,False_Misconception:Division,False_Neither:NA,False_Misconception:Subtraction
28636,True_Correct:NA,True_Neither:NA,True_Misconception:SwapDividend
21227,True_Neither:NA,True_Correct:NA,True_Misconception:Inversion
5478,False_Misconception:FlipChange,False_Misconception:SwapDividend,False_Neither:NA
20869,True_Correct:NA,True_Neither:NA,True_Misconception:WNB
1291,True_Neither:NA,True_Correct:NA,True_Misconception:WNB
31913,False_Neither:NA,False_Misconception:Positive,False_Misconception:Tacking
32437,False_Misconception:Wrong_term,False_Neither:NA,False_Correct:NA
2879,False_Misconception:Incomplete,False_Neither:NA,False_Correct:NA
19861,False_Neither:NA,False_Misconception:Whole_numbers_larger,False_Misconception:Longer_is_bigger
31060,True_Correct:NA,True_Neither:NA,False_Misconception:Positive
21231,True_Correct:NA,True_Neither:NA,True_Misconception:Shorter_is_bigger
96,True_Correct:NA,True_Neither:NA,True_Misconception:Incomplete
12181,False_Misconception:Additive,False_Neither:NA,False_Misconception:Irrelevant
14061,True_Correct:NA,True_Neither:NA,True_Misconception:Duplication
18837,False_Misconception:Duplication,False_Neither:NA,False_Misconception:Inversion
31178,True_Misconception:Tacking,False_Misconception:Tacking,True_Neither:NA
23589,True_Correct:NA,True_Neither:NA,True_Misconception:Mult
6797,True_Correct:NA,True_Neither:NA,True_Misconception:Mult
25508,False_Misconception:Denominator-only_change,False_Misconception:Adding_across,False_Neither:NA
7576,False_Misconception:FlipChange,False_Neither:NA,False_Misconception:SwapDividend
9407,True_Correct:NA,True_Neither:NA,True_Misconception:Mult
5227,False_Misconception:FlipChange,False_Neither:NA,False_Misconception:SwapDividend
8590,False_Neither:NA,False_Misconception:Wrong_Fraction,False_Correct:NA
10880,False_Misconception:Irrelevant,False_Neither:NA,False_Misconception:Additive
9517,True_Correct:NA,True_Neither:NA,False_Correct:NA
26430,True_Neither:NA,True_Correct:NA,True_Misconception:Division
16219,False_Misconception:Adding_terms,False_Neither:NA,False_Misconception:Wrong_term
3104,False_Neither:NA,False_Misconception:Incomplete,False_Correct:NA
16098,True_Correct:NA,True_Neither:NA,True_Misconception:Multiplying_by_4
566,True_Correct:NA,True_Neither:NA,True_Misconception:Incomplete
33021,False_Misconception:Firstterm,False_Neither:NA,False_Misconception:Wrong_term
20498,True_Correct:NA,True_Neither:NA,True_Misconception:Inversion
710,True_Correct:NA,True_Neither:NA,True_Misconception:Incomplete
19913,False_Misconception:Whole_numbers_larger,False_Neither:NA,False_Misconception:Shorter_is_bigger
29107,False_Neither:NA,False_Misconception:Unknowable,False_Misconception:Definition
6663,True_Neither:NA,True_Correct:NA,True_Misconception:Mult
35079,True_Correct:NA,True_Neither:NA,True_Misconception:FlipChange
14361,False_Neither:NA,False_Misconception:WNB,False_Misconception:Firstterm
3566,False_Misconception:Incomplete,False_Neither:NA,False_Correct:NA
29869,False_Neither:NA,False_Misconception:Positive,False_Misconception:Tacking
33826,True_Correct:NA,True_Neither:NA,True_Misconception:Irrelevant
20198,False_Neither:NA,False_Misconception:Longer_is_bigger,False_Misconception:Ignores_zeroes
30516,True_Misconception:Tacking,True_Neither:NA,True_Correct:NA
27392,False_Misconception:Subtraction,False_Neither:NA,False_Misconception:Division
11684,False_Misconception:Additive,True_Misconception:Additive,False_Neither:NA
25742,False_Neither:NA,False_Misconception:Denominator-only_change,False_Misconception:Adding_across
5770,True_Neither:NA,True_Correct:NA,True_Misconception:SwapDividend
8028,False_Neither:NA,False_Misconception:Irrelevant,False_Misconception:Incomplete
34344,True_Correct:NA,True_Neither:NA,True_Misconception:Wrong_term
6821,True_Correct:NA,True_Neither:NA,True_Misconception:Mult
25583,False_Neither:NA,False_Misconception:Denominator-only_change,False_Misconception:Adding_terms
22217,True_Correct:NA,True_Neither:NA,True_Misconception:Wrong_fraction
35271,True_Correct:NA,True_Neither:NA,True_Misconception:FlipChange
31841,False_Neither:NA,False_Misconception:Positive,False_Misconception:Tacking
26330,False_Misconception:Adding_across,False_Neither:NA,False_Misconception:Denominator-only_change
25180,True_Neither:NA,True_Misconception:Inversion,False_Neither:NA
28855,True_Correct:NA,True_Neither:NA,True_Misconception:Incorrect_equivalent_fraction_addition
11756,False_Misconception:Additive,False_Neither:NA,False_Misconception:Irrelevant
28773,True_Correct:NA,True_Neither:NA,True_Misconception:SwapDividend
24614,True_Correct:NA,True_Neither:NA,True_Misconception:Denominator-only_change
32805,False_Misconception:Wrong_term,False_Neither:NA,False_Correct:NA
32985,False_Misconception:Wrong_term,False_Neither:NA,False_Correct:NA
17366,True_Correct:NA,True_Neither:NA,True_Misconception:Inversion
11121,False_Misconception:Irrelevant,False_Neither:NA,True_Misconception:Irrelevant
31627,False_Misconception:Positive,False_Neither:NA,True_Misconception:Positive
5836,True_Correct:NA,True_Neither:NA,True_Misconception:Mult
19032,False_Misconception:Duplication,False_Neither:NA,False_Correct:NA
13620,True_Correct:NA,True_Neither:NA,True_Misconception:Irrelevant
21822,True_Neither:NA,True_Correct:NA,True_Misconception:Additive
144,True_Correct:NA,True_Neither:NA,True_Misconception:Incomplete
7029,True_Correct:NA,True_Neither:NA,True_Misconception:Mult
32041,False_Neither:NA,False_Misconception:Positive,False_Misconception:Irrelevant
24110,True_Neither:NA,True_Correct:NA,False_Neither:NA
6134,True_Correct:NA,True_Neither:NA,True_Misconception:SwapDividend
3028,False_Neither:NA,False_Misconception:Incomplete,False_Correct:NA
21956,True_Neither:NA,True_Correct:NA,True_Misconception:Inversion
29316,False_Neither:NA,False_Misconception:Tacking,False_Misconception:Positive
2851,False_Neither:NA,False_Misconception:Adding_across,False_Misconception:Incomplete
926,True_Correct:NA,True_Neither:NA,True_Misconception:Incomplete
13360,True_Correct:NA,True_Neither:NA,True_Misconception:Irrelevant
9571,True_Neither:NA,True_Correct:NA,True_Misconception:Additive
5219,False_Misconception:Mult,False_Neither:NA,False_Misconception:SwapDividend
14148,True_Correct:NA,True_Neither:NA,True_Misconception:Additive
9285,True_Correct:NA,True_Neither:NA,False_Correct:NA
23339,False_Misconception:Wrong_fraction,False_Neither:NA,False_Misconception:Incomplete
40,True_Correct:NA,True_Neither:NA,True_Misconception:Incomplete
7652,False_Neither:NA,False_Misconception:Mult,False_Misconception:FlipChange
9154,True_Correct:NA,True_Neither:NA,True_Misconception:SwapDividend
1416,True_Neither:NA,True_Correct:NA,True_Misconception:WNB
9653,True_Correct:NA,True_Neither:NA,True_Misconception:Incomplete
31743,False_Misconception:Positive,False_Neither:NA,False_Correct:NA
22445,True_Correct:NA,True_Neither:NA,True_Misconception:Wrong_fraction
31537,False_Neither:NA,False_Misconception:Positive,False_Misconception:Subtraction
17817,True_Neither:NA,True_Correct:NA,True_Misconception:Duplication
9044,True_Correct:NA,True_Neither:NA,True_Misconception:Incomplete
35640,False_Misconception:Multiplying_by_4,False_Neither:NA,False_Misconception:Base_rate
36163,True_Neither:NA,True_Correct:NA,True_Misconception:Inversion
23151,False_Misconception:Wrong_fraction,False_Neither:NA,False_Misconception:Irrelevant
12558,True_Correct:NA,True_Neither:NA,True_Misconception:Irrelevant
2442,False_Neither:NA,False_Misconception:WNB,False_Misconception:Firstterm
6271,True_Neither:NA,True_Correct:NA,True_Misconception:Mult
4202,False_Misconception:Incomplete,False_Neither:NA,False_Correct:NA
15459,True_Correct:NA,True_Neither:NA,True_Misconception:SwapDividend
11405,False_Neither:NA,False_Misconception:Mult,False_Misconception:Irrelevant
10646,True_Correct:NA,True_Neither:NA,True_Misconception:Wrong_term
28909,True_Correct:NA,True_Neither:NA,True_Misconception:Duplication
19144,False_Neither:NA,False_Misconception:Inversion,False_Misconception:Duplication
20751,True_Correct:NA,True_Neither:NA,True_Misconception:Mult
9146,True_Correct:NA,True_Neither:NA,True_Misconception:SwapDividend
9240,True_Correct:NA,True_Neither:NA,True_Misconception:Incomplete
3425,False_Misconception:Incomplete,False_Neither:NA,False_Correct:NA
27826,False_Misconception:Subtraction,False_Neither:NA,False_Misconception:Division
13326,True_Misconception:Additive,True_Neither:NA,False_Misconception:Additive
10373,True_Correct:NA,True_Neither:NA,True_Misconception:Mult
31595,False_Misconception:Positive,False_Neither:NA,False_Correct:NA
13530,True_Correct:NA,True_Neither:NA,True_Misconception:Mult
31624,False_Misconception:Positive,False_Neither:NA,True_Misconception:Positive
31994,False_Neither:NA,False_Misconception:Tacking,False_Misconception:Positive
17799,True_Correct:NA,True_Neither:NA,True_Misconception:Duplication
471,True_Correct:NA,True_Neither:NA,True_Misconception:Incomplete
10154,True_Correct:NA,True_Neither:NA,True_Misconception:Division
4844,False_Neither:NA,False_Misconception:Incomplete,False_Misconception:WNB
25827,False_Misconception:Denominator-only_change,False_Neither:NA,False_Misconception:Adding_across
5199,False_Neither:NA,False_Misconception:SwapDividend,False_Misconception:Mult
23668,True_Correct:NA,True_Neither:NA,True_Misconception:Mult
6293,True_Correct:NA,True_Neither:NA,True_Misconception:Mult
24645,True_Correct:NA,True_Neither:NA,True_Misconception:Incorrect_equivalent_fraction_addition
11642,False_Misconception:Additive,False_Neither:NA,False_Misconception:Irrelevant
23653,True_Correct:NA,True_Neither:NA,True_Misconception:Denominator-only_change
28489,False_Misconception:Unknowable,False_Neither:NA,False_Misconception:Interior
22929,False_Neither:NA,False_Misconception:Adding_across,False_Misconception:Incomplete
34137,True_Correct:NA,True_Neither:NA,True_Misconception:Wrong_term
5814,True_Correct:NA,True_Neither:NA,True_Misconception:Mult
532,True_Neither:NA,True_Correct:NA,True_Misconception:WNB
10581,True_Correct:NA,True_Neither:NA,True_Misconception:Wrong_fraction
14812,True_Neither:NA,True_Correct:NA,True_Misconception:Mult
19001,False_Misconception:Duplication,False_Neither:NA,False_Correct:NA
33520,True_Neither:NA,True_Correct:NA,True_Misconception:Wrong_term
3855,False_Misconception:Incomplete,False_Neither:NA,False_Correct:NA
7528,False_Misconception:FlipChange,False_Neither:NA,False_Misconception:SwapDividend
22529,True_Correct:NA,True_Neither:NA,True_Misconception:Wrong_fraction
1179,True_Neither:NA,True_Correct:NA,False_Neither:NA
12624,True_Neither:NA,True_Correct:NA,True_Misconception:Additive
33095,False_Misconception:Wrong_term,False_Neither:NA,False_Correct:NA
1402,True_Correct:NA,True_Neither:NA,True_Misconception:Incomplete
16278,False_Misconception:Adding_terms,False_Neither:NA,False_Misconception:Incomplete
21748,True_Neither:NA,True_Correct:NA,True_Misconception:SwapDividend
4981,False_Misconception:Mult,False_Neither:NA,False_Misconception:SwapDividend
879,True_Correct:NA,True_Neither:NA,True_Misconception:Incomplete
19329,False_Misconception:Inversion,False_Neither:NA,False_Misconception:Duplication
34516,True_Neither:NA,True_Correct:NA,True_Misconception:SwapDividend
25369,False_Misconception:Denominator-only_change,False_Neither:NA,False_Misconception:Adding_across
32565,False_Misconception:Wrong_term,False_Neither:NA,False_Correct:NA
8895,False_Neither:NA,False_Misconception:Irrelevant,False_Misconception:Incomplete
16511,False_Misconception:Not_variable,False_Neither:NA,False_Misconception:Adding_terms
2980,False_Misconception:Incomplete,False_Neither:NA,False_Correct:NA
19232,False_Misconception:Inversion,False_Neither:NA,False_Misconception:Duplication
22680,True_Correct:NA,True_Neither:NA,True_Misconception:Wrong_fraction
6119,True_Correct:NA,True_Misconception:Mult,True_Neither:NA
428,True_Correct:NA,True_Neither:NA,True_Misconception:Incomplete
32991,False_Misconception:Wrong_term,False_Neither:NA,False_Correct:NA
465,True_Neither:NA,True_Correct:NA,True_Misconception:WNB
21149,True_Neither:NA,True_Correct:NA,True_Misconception:SwapDividend
7580,False_Misconception:FlipChange,False_Neither:NA,False_Misconception:SwapDividend
1278,True_Neither:NA,True_Correct:NA,True_Misconception:WNB
28166,False_Neither:NA,False_Misconception:Unknowable,False_Misconception:Adding_across
27795,False_Misconception:Subtraction,False_Neither:NA,False_Misconception:Additive
25041,True_Correct:NA,True_Neither:NA,True_Misconception:Mult
17468,True_Correct:NA,True_Neither:NA,True_Misconception:Duplication
8537,False_Misconception:Wrong_Fraction,False_Neither:NA,False_Correct:NA
6604,True_Correct:NA,True_Neither:NA,True_Misconception:Mult
20819,True_Correct:NA,True_Neither:NA,True_Misconception:WNB
6542,True_Correct:NA,True_Neither:NA,True_Misconception:FlipChange
7743,False_Misconception:SwapDividend,False_Neither:NA,False_Misconception:FlipChange
10743,True_Correct:NA,True_Neither:NA,True_Misconception:Wrong_fraction
28371,False_Neither:NA,False_Misconception:Unknowable,False_Misconception:Definition
22344,True_Correct:NA,True_Neither:NA,True_Misconception:Wrong_fraction
35280,True_Correct:NA,True_Neither:NA,True_Misconception:Division
12681,True_Correct:NA,True_Neither:NA,True_Misconception:Additive
36218,True_Correct:NA,True_Neither:NA,True_Misconception:Irrelevant
4580,False_Neither:NA,False_Misconception:Incomplete,False_Misconception:WNB
6912,True_Correct:NA,True_Neither:NA,True_Misconception:Mult
20069,False_Misconception:Whole_numbers_larger,False_Neither:NA,False_Misconception:Shorter_is_bigger
27647,False_Misconception:Subtraction,False_Neither:NA,False_Misconception:Division
7468,False_Neither:NA,False_Correct:NA,False_Misconception:FlipChange
13902,True_Correct:NA,True_Neither:NA,True_Misconception:Mult
4128,False_Misconception:Incomplete,False_Neither:NA,False_Correct:NA
25673,False_Misconception:Denominator-only_change,False_Neither:NA,False_Misconception:Adding_across
32664,False_Neither:NA,False_Misconception:Wrong_term,False_Misconception:Firstterm
21758,True_Neither:NA,True_Correct:NA,True_Misconception:Inversion
10501,True_Correct:NA,True_Neither:NA,True_Misconception:SwapDividend
14188,True_Correct:NA,True_Neither:NA,True_Misconception:Irrelevant
2531,False_Neither:NA,False_Misconception:Incomplete,False_Misconception:Irrelevant
31269,True_Correct:NA,True_Neither:NA,True_Misconception:Positive
21152,True_Correct:NA,True_Neither:NA,True_Misconception:Inversion
9153,True_Correct:NA,True_Neither:NA,True_Misconception:SwapDividend
23203,False_Misconception:Wrong_fraction,False_Neither:NA,True_Misconception:Wrong_fraction
25210,False_Neither:NA,False_Correct:NA,False_Misconception:Denominator-only_change
24193,True_Correct:NA,True_Neither:NA,True_Misconception:Incomplete
8602,False_Misconception:Wrong_Fraction,False_Neither:NA,False_Correct:NA
330,True_Correct:NA,True_Neither:NA,True_Misconception:Incomplete
5226,False_Misconception:FlipChange,False_Neither:NA,False_Misconception:SwapDividend
29612,False_Neither:NA,False_Misconception:Positive,False_Misconception:Tacking
953,True_Correct:NA,True_Neither:NA,True_Misconception:Incomplete
18359,False_Misconception:Duplication,False_Neither:NA,False_Misconception:Inversion
17731,True_Correct:NA,True_Neither:NA,True_Misconception:SwapDividend
27313,False_Neither:NA,False_Misconception:Subtraction,False_Correct:NA
27132,False_Neither:NA,False_Misconception:Division,False_Misconception:Subtraction
22122,True_Correct:NA,True_Neither:NA,True_Misconception:Wrong_fraction
32624,False_Misconception:Wrong_term,False_Neither:NA,False_Correct:NA
23367,False_Misconception:Wrong_fraction,False_Neither:NA,False_Correct:NA
31567,False_Neither:NA,False_Misconception:Positive,False_Misconception:Tacking
27600,False_Neither:NA,False_Misconception:Subtraction,False_Misconception:Division
22039,True_Correct:NA,True_Neither:NA,True_Misconception:Wrong_fraction
1434,True_Correct:NA,True_Neither:NA,True_Misconception:Incomplete
31984,False_Neither:NA,False_Misconception:Positive,False_Misconception:Tacking
31072,True_Correct:NA,True_Neither:NA,True_Misconception:Denominator-only_change
28255,False_Misconception:Unknowable,False_Neither:NA,False_Misconception:Interior
9172,True_Correct:NA,True_Neither:NA,True_Misconception:Incomplete
13974,True_Correct:NA,True_Neither:NA,True_Misconception:Irrelevant
7144,True_Correct:NA,True_Neither:NA,True_Misconception:Mult
19521,False_Misconception:Inversion,False_Neither:NA,False_Correct:NA
18112,True_Neither:NA,True_Correct:NA,True_Misconception:Inversion
9738,True_Correct:NA,True_Neither:NA,True_Misconception:SwapDividend
17896,True_Correct:NA,True_Neither:NA,True_Misconception:Duplication
2561,False_Misconception:Incomplete,False_Neither:NA,False_Misconception:WNB
34769,False_Neither:NA,False_Misconception:Firstterm,False_Misconception:Incomplete
5582,True_Correct:NA,True_Neither:NA,True_Misconception:Mult
23096,False_Misconception:Wrong_fraction,False_Neither:NA,False_Misconception:Incomplete
14742,True_Correct:NA,True_Neither:NA,True_Misconception:SwapDividend
2907,False_Misconception:Incomplete,False_Neither:NA,False_Correct:NA
4448,False_Neither:NA,False_Correct:NA,False_Misconception:Incomplete
30923,True_Misconception:Tacking,False_Misconception:Tacking,True_Neither:NA
28640,True_Correct:NA,True_Neither:NA,True_Misconception:Mult
30481,True_Misconception:Tacking,True_Neither:NA,False_Misconception:Tacking
25982,False_Neither:NA,False_Misconception:Adding_across,False_Misconception:Positive
20193,False_Neither:NA,False_Misconception:Shorter_is_bigger,False_Misconception:Longer_is_bigger
28711,True_Correct:NA,True_Neither:NA,True_Misconception:WNB
15137,True_Correct:NA,True_Neither:NA,True_Misconception:SwapDividend
27466,False_Misconception:Subtraction,False_Neither:NA,False_Misconception:Division
6194,True_Correct:NA,True_Neither:NA,True_Misconception:Mult
26150,False_Misconception:Adding_across,False_Neither:NA,False_Misconception:Denominator-only_change
24047,True_Correct:NA,True_Neither:NA,True_Misconception:Incorrect_equivalent_fraction_addition
28203,False_Misconception:Unknowable,False_Neither:NA,False_Misconception:Interior
34585,True_Neither:NA,True_Misconception:Wrong_term,True_Correct:NA
26031,False_Neither:NA,False_Misconception:Adding_across,False_Misconception:Denominator-only_change
16118,True_Correct:NA,True_Neither:NA,True_Misconception:Multiplying_by_4
17034,True_Correct:NA,True_Neither:NA,True_Misconception:Duplication
36465,False_Neither:NA,False_Misconception:Certainty,False_Misconception:Scale
12986,True_Correct:NA,True_Neither:NA,True_Misconception:Mult
35657,False_Misconception:Certainty,False_Neither:NA,False_Correct:NA
10421,True_Correct:NA,True_Neither:NA,True_Misconception:SwapDividend
8344,False_Neither:NA,False_Misconception:Wrong_Fraction,False_Misconception:Incomplete
33265,True_Correct:NA,True_Neither:NA,True_Misconception:Wrong_term
26901,True_Correct:NA,True_Neither:NA,True_Misconception:Division
34206,True_Correct:NA,True_Neither:NA,True_Misconception:Wrong_term
12107,False_Misconception:Additive,False_Neither:NA,False_Misconception:Irrelevant
61,True_Correct:NA,True_Neither:NA,True_Misconception:Incomplete
16262,False_Misconception:Adding_terms,False_Neither:NA,False_Correct:NA
14339,False_Neither:NA,False_Misconception:WNB,False_Misconception:Additive
8824,False_Neither:NA,False_Misconception:Irrelevant,False_Correct:NA
23149,False_Misconception:Wrong_fraction,False_Neither:NA,False_Correct:NA
35080,True_Correct:NA,True_Neither:NA,True_Misconception:Multiplying_by_4
25722,False_Misconception:Denominator-only_change,False_Misconception:Adding_across,False_Neither:NA
29367,False_Misconception:Tacking,False_Neither:NA,False_Misconception:Positive
1398,True_Correct:NA,True_Neither:NA,True_Misconception:Incomplete
7040,True_Correct:NA,True_Neither:NA,True_Misconception:Mult
3000,False_Misconception:Incomplete,False_Neither:NA,False_Misconception:WNB
31510,False_Neither:NA,False_Misconception:Positive,False_Misconception:Tacking
19068,False_Misconception:Duplication,False_Neither:NA,False_Misconception:Inversion
29620,False_Neither:NA,False_Misconception:Tacking,True_Neither:NA
8230,False_Misconception:Wrong_Fraction,False_Neither:NA,False_Misconception:Inverse_operation
11497,False_Misconception:Additive,False_Neither:NA,True_Misconception:Additive
16918,True_Neither:NA,True_Correct:NA,True_Misconception:Additive
24116,True_Neither:NA,True_Correct:NA,True_Misconception:Denominator-only_change
28930,True_Neither:NA,True_Misconception:SwapDividend,False_Neither:NA
9149,True_Correct:NA,True_Neither:NA,True_Misconception:SwapDividend
14794,True_Correct:NA,True_Neither:NA,True_Misconception:Mult
15260,True_Correct:NA,True_Neither:NA,True_Misconception:SwapDividend
18585,False_Misconception:Duplication,False_Neither:NA,False_Misconception:Inversion
11177,False_Misconception:Irrelevant,False_Neither:NA,False_Misconception:Wrong_fraction
4990,False_Misconception:Mult,False_Misconception:SwapDividend,False_Neither:NA
4455,False_Misconception:Incomplete,False_Neither:NA,False_Correct:NA
31909,False_Neither:NA,False_Misconception:Tacking,False_Misconception:Positive
27389,False_Neither:NA,False_Misconception:Subtraction,False_Misconception:Incomplete
14151,True_Neither:NA,True_Misconception:Additive,False_Neither:NA
19617,False_Neither:NA,False_Misconception:Inversion,False_Misconception:Whole_numbers_larger
24225,True_Correct:NA,True_Neither:NA,True_Misconception:Inversion
33941,True_Correct:NA,True_Neither:NA,True_Misconception:Wrong_term
10883,False_Neither:NA,False_Correct:NA,False_Misconception:SwapDividend
18918,False_Misconception:Duplication,False_Neither:NA,False_Misconception:Wrong_Operation
26517,True_Correct:NA,True_Neither:NA,True_Misconception:Incomplete
27954,False_Misconception:Subtraction,False_Neither:NA,False_Misconception:Additive
20640,True_Neither:NA,True_Correct:NA,True_Misconception:Incorrect_equivalent_fraction_addition
15099,True_Correct:NA,True_Neither:NA,True_Misconception:SwapDividend
14774,True_Correct:NA,True_Neither:NA,True_Misconception:SwapDividend
31544,False_Misconception:Positive,False_Neither:NA,False_Misconception:Tacking
8668,False_Neither:NA,False_Misconception:Irrelevant,False_Correct:NA
8388,False_Neither:NA,False_Misconception:Wrong_Fraction,False_Misconception:Irrelevant
8742,False_Misconception:Irrelevant,False_Neither:NA,True_Misconception:Irrelevant
14077,True_Neither:NA,True_Misconception:Additive,True_Correct:NA
32663,False_Neither:NA,False_Correct:NA,False_Misconception:Firstterm
7653,False_Neither:NA,False_Misconception:Longer_is_bigger,False_Misconception:Mult
7792,False_Neither:NA,False_Misconception:Division,False_Misconception:Mult
35426,True_Correct:NA,True_Neither:NA,True_Misconception:Inversion
10843,False_Misconception:Irrelevant,False_Neither:NA,False_Misconception:Incomplete
33606,True_Correct:NA,True_Neither:NA,True_Misconception:Wrong_term
32275,False_Neither:NA,False_Misconception:Positive,False_Misconception:Tacking
11015,False_Neither:NA,False_Correct:NA,False_Misconception:Irrelevant
10536,True_Correct:NA,True_Neither:NA,True_Misconception:SwapDividend
9733,True_Correct:NA,True_Neither:NA,True_Misconception:Irrelevant
1319,True_Neither:NA,True_Correct:NA,True_Misconception:WNB
27503,False_Misconception:Subtraction,False_Neither:NA,False_Misconception:Division
21802,True_Neither:NA,True_Correct:NA,True_Misconception:Additive
17887,True_Neither:NA,True_Correct:NA,True_Misconception:Inversion
21056,True_Correct:NA,True_Neither:NA,True_Misconception:Incomplete
27000,False_Neither:NA,False_Misconception:Subtraction,False_Misconception:Division
33333,True_Correct:NA,True_Neither:NA,True_Misconception:Wrong_term
1453,True_Correct:NA,True_Misconception:Incomplete,True_Neither:NA
5598,True_Correct:NA,True_Neither:NA,True_Misconception:Mult
14416,False_Misconception:WNB,False_Neither:NA,False_Correct:NA
8919,False_Neither:NA,False_Misconception:Irrelevant,False_Misconception:Incomplete
9685,True_Correct:NA,True_Neither:NA,True_Misconception:SwapDividend
13066,True_Neither:NA,True_Correct:NA,True_Misconception:Additive
8622,False_Neither:NA,False_Misconception:Wrong_Fraction,False_Correct:NA
33873,True_Correct:NA,True_Neither:NA,True_Misconception:Wrong_term
22429,True_Correct:NA,True_Neither:NA,True_Misconception:Wrong_fraction
10115,True_Correct:NA,True_Neither:NA,True_Misconception:WNB
6757,True_Correct:NA,True_Neither:NA,True_Misconception:Mult
12649,True_Correct:NA,True_Neither:NA,True_Misconception:Irrelevant
573,True_Correct:NA,True_Neither:NA,True_Misconception:Incomplete
8178,False_Neither:NA,False_Misconception:Incomplete,False_Misconception:Irrelevant
32574,False_Neither:NA,False_Misconception:Wrong_term,False_Correct:NA
20495,True_Neither:NA,True_Correct:NA,False_Neither:NA
32020,False_Misconception:Positive,False_Neither:NA,False_Correct:NA
22681,True_Correct:NA,True_Neither:NA,True_Misconception:Wrong_fraction
21444,True_Neither:NA,True_Correct:NA,True_Misconception:Inversion
26002,False_Misconception:Adding_across,False_Neither:NA,False_Misconception:Denominator-only_change
21903,True_Neither:NA,True_Correct:NA,True_Misconception:Additive
28204,False_Misconception:Unknowable,False_Neither:NA,False_Misconception:Interior
5129,False_Misconception:Mult,False_Neither:NA,False_Misconception:SwapDividend
3847,False_Neither:NA,False_Misconception:Incomplete,False_Correct:NA
29779,False_Neither:NA,False_Misconception:Tacking,False_Correct:NA
19147,False_Neither:NA,False_Misconception:Duplication,False_Misconception:Inversion
19999,False_Neither:NA,False_Misconception:Longer_is_bigger,False_Misconception:Whole_numbers_larger
28342,False_Neither:NA,False_Misconception:Unknowable,False_Misconception:Incomplete
17236,True_Correct:NA,True_Neither:NA,True_Misconception:Mult
32244,False_Neither:NA,False_Misconception:Positive,False_Misconception:Tacking
8731,False_Neither:NA,False_Misconception:Incomplete,False_Misconception:Certainty
18365,False_Misconception:Duplication,False_Neither:NA,False_Misconception:Inversion
5809,True_Neither:NA,True_Correct:NA,True_Misconception:SwapDividend
33303,True_Correct:NA,True_Neither:NA,True_Misconception:Wrong_term
33670,True_Correct:NA,True_Neither:NA,True_Misconception:Wrong_term
9758,True_Correct:NA,True_Neither:NA,True_Misconception:Division
15949,True_Correct:NA,True_Neither:NA,True_Misconception:Duplication
34248,True_Neither:NA,False_Misconception:Firstterm,True_Correct:NA
4559,False_Neither:NA,False_Correct:NA,False_Misconception:Incomplete
4970,False_Misconception:Mult,False_Misconception:SwapDividend,False_Neither:NA
28264,False_Misconception:Unknowable,False_Neither:NA,False_Misconception:Interior
36643,False_Neither:NA,False_Misconception:Scale,False_Misconception:Certainty
34063,True_Neither:NA,True_Correct:NA,True_Misconception:Wrong_term
15614,True_Correct:NA,True_Neither:NA,True_Misconception:SwapDividend
8779,False_Neither:NA,False_Misconception:Irrelevant,False_Correct:NA
35481,False_Neither:NA,False_Misconception:Base_rate,False_Correct:NA
17644,True_Correct:NA,True_Neither:NA,True_Misconception:Duplication
9987,True_Correct:NA,True_Neither:NA,False_Neither:NA
15503,True_Correct:NA,True_Neither:NA,True_Misconception:SwapDividend
14640,True_Correct:NA,True_Neither:NA,True_Misconception:SwapDividend
25484,False_Neither:NA,False_Misconception:Denominator-only_change,False_Misconception:Adding_across
6494,True_Correct:NA,True_Neither:NA,True_Misconception:Mult
22365,True_Neither:NA,True_Correct:NA,True_Misconception:Division
3419,False_Misconception:Incomplete,False_Neither:NA,False_Correct:NA
18476,False_Misconception:Duplication,False_Neither:NA,False_Misconception:Inversion
30539,True_Correct:NA,True_Neither:NA,True_Misconception:Tacking
32525,False_Misconception:Wrong_term,False_Neither:NA,False_Misconception:Not_variable
29207,False_Misconception:Interior,False_Neither:NA,False_Correct:NA
32926,False_Misconception:Wrong_term,False_Neither:NA,False_Correct:NA
29186,False_Neither:NA,False_Misconception:Definition,False_Misconception:Unknowable
14558,True_Correct:NA,True_Neither:NA,True_Misconception:Wrong_fraction
6128,True_Correct:NA,True_Neither:NA,True_Misconception:Mult
34341,True_Correct:NA,True_Neither:NA,True_Misconception:Wrong_term
2055,True_Neither:NA,True_Correct:NA,True_Misconception:Division
21276,True_Correct:NA,True_Neither:NA,True_Misconception:Incomplete
2229,True_Neither:NA,True_Correct:NA,True_Misconception:WNB
6204,True_Neither:NA,True_Correct:NA,True_Misconception:Mult
19677,False_Misconception:Inversion,False_Neither:NA,False_Correct:NA
4156,False_Misconception:Incomplete,False_Neither:NA,False_Correct:NA
21895,True_Correct:NA,True_Neither:NA,True_Misconception:Shorter_is_bigger
26896,True_Neither:NA,True_Correct:NA,True_Misconception:Division
6395,True_Correct:NA,True_Neither:NA,True_Misconception:Mult
14065,True_Correct:NA,True_Neither:NA,True_Misconception:Irrelevant
33566,True_Correct:NA,True_Neither:NA,True_Misconception:Wrong_term
22457,True_Correct:NA,True_Neither:NA,True_Misconception:Wrong_fraction
20189,False_Neither:NA,False_Misconception:Longer_is_bigger,False_Misconception:Whole_numbers_larger
13784,True_Misconception:Irrelevant,True_Neither:NA,True_Misconception:Additive
11997,False_Neither:NA,False_Misconception:Additive,False_Misconception:Irrelevant
29788,False_Misconception:Tacking,False_Misconception:Positive,False_Neither:NA
26659,True_Correct:NA,True_Neither:NA,True_Misconception:Division
4639,False_Misconception:Incomplete,False_Neither:NA,False_Correct:NA
26540,True_Correct:NA,True_Neither:NA,False_Neither:NA
13339,True_Neither:NA,True_Correct:NA,True_Misconception:Irrelevant
34885,False_Neither:NA,False_Misconception:Firstterm,False_Misconception:Wrong_term
5304,False_Misconception:SwapDividend,False_Misconception:Mult,False_Neither:NA
29902,False_Neither:NA,False_Misconception:Tacking,False_Misconception:Positive
24481,True_Correct:NA,True_Neither:NA,True_Misconception:Incorrect_equivalent_fraction_addition
5946,True_Correct:NA,True_Neither:NA,True_Misconception:Mult
28800,True_Correct:NA,True_Neither:NA,True_Misconception:Definition
11242,False_Neither:NA,False_Misconception:Additive,False_Misconception:Incomplete
2761,False_Neither:NA,False_Correct:NA,False_Misconception:WNB
19025,False_Misconception:Duplication,False_Neither:NA,True_Misconception:Duplication
647,True_Neither:NA,True_Correct:NA,True_Misconception:Tacking
35975,True_Correct:NA,True_Neither:NA,True_Misconception:SwapDividend
733,True_Neither:NA,True_Correct:NA,True_Misconception:WNB
20838,True_Correct:NA,True_Neither:NA,True_Misconception:WNB
7183,True_Neither:NA,True_Misconception:SwapDividend,False_Misconception:SwapDividend
30233,True_Correct:NA,True_Neither:NA,True_Misconception:Positive
14433,True_Neither:NA,True_Correct:NA,True_Misconception:Mult
32044,False_Misconception:Positive,False_Neither:NA,True_Misconception:Positive
11674,False_Misconception:Additive,False_Neither:NA,True_Misconception:Additive
29935,False_Misconception:Tacking,False_Neither:NA,True_Misconception:Tacking
11052,False_Neither:NA,False_Misconception:Certainty,True_Misconception:Additive
30279,True_Neither:NA,True_Correct:NA,True_Misconception:Tacking
16466,False_Misconception:Not_variable,False_Neither:NA,False_Misconception:Adding_terms
19740,False_Misconception:Whole_numbers_larger,False_Neither:NA,False_Misconception:Shorter_is_bigger
21385,True_Neither:NA,True_Correct:NA,True_Misconception:Inversion
9287,True_Correct:NA,True_Neither:NA,True_Misconception:Incomplete
19004,False_Misconception:Duplication,False_Neither:NA,False_Misconception:Inversion
2277,True_Correct:NA,True_Neither:NA,True_Misconception:Incomplete
25361,False_Misconception:Denominator-only_change,False_Misconception:Adding_across,False_Neither:NA
27312,False_Neither:NA,False_Misconception:Subtraction,False_Misconception:Division
13062,True_Neither:NA,True_Misconception:Additive,False_Neither:NA
7920,False_Neither:NA,False_Misconception:Mult,False_Correct:NA
20940,True_Neither:NA,True_Correct:NA,True_Misconception:Shorter_is_bigger
21985,True_Neither:NA,True_Correct:NA,True_Misconception:Inversion
23740,True_Correct:NA,True_Neither:NA,True_Misconception:Mult
22138,True_Correct:NA,True_Neither:NA,True_Misconception:Wrong_fraction
4562,False_Misconception:Incomplete,False_Neither:NA,False_Correct:NA
4468,False_Misconception:Incomplete,False_Neither:NA,False_Misconception:WNB
21030,True_Correct:NA,True_Neither:NA,True_Misconception:Wrong_term
22575,True_Correct:NA,True_Neither:NA,True_Misconception:Wrong_fraction
2743,False_Misconception:WNB,False_Neither:NA,False_Misconception:Incomplete
5561,True_Correct:NA,True_Neither:NA,True_Misconception:Mult
22946,False_Neither:NA,False_Misconception:Incomplete,False_Misconception:Wrong_fraction
6482,True_Neither:NA,True_Correct:NA,True_Misconception:Mult
6879,True_Correct:NA,True_Neither:NA,True_Misconception:Mult
20984,True_Neither:NA,True_Correct:NA,True_Misconception:Inversion
10562,True_Correct:NA,True_Neither:NA,True_Misconception:SwapDividend
28767,True_Correct:NA,True_Neither:NA,True_Misconception:Duplication
10008,True_Correct:NA,True_Neither:NA,True_Misconception:SwapDividend
14808,True_Correct:NA,True_Neither:NA,True_Misconception:Wrong_fraction
19297,False_Neither:NA,False_Misconception:Inversion,False_Misconception:Duplication
5348,False_Misconception:Mult,False_Misconception:SwapDividend,False_Neither:NA
8292,False_Misconception:Wrong_Fraction,False_Neither:NA,False_Correct:NA
17444,True_Correct:NA,True_Neither:NA,True_Misconception:Duplication
24130,True_Correct:NA,True_Neither:NA,True_Misconception:Mult
19286,False_Misconception:Inversion,False_Neither:NA,False_Misconception:Duplication
12745,True_Correct:NA,True_Neither:NA,True_Misconception:Irrelevant
31300,True_Correct:NA,True_Neither:NA,True_Misconception:Positive
27196,False_Neither:NA,False_Misconception:Subtraction,False_Correct:NA
6111,True_Correct:NA,True_Neither:NA,True_Misconception:Mult
16631,True_Neither:NA,True_Correct:NA,True_Misconception:Inversion
3068,False_Misconception:Incomplete,False_Neither:NA,False_Misconception:WNB
36379,False_Neither:NA,False_Misconception:Certainty,False_Misconception:Unknowable
33784,True_Correct:NA,True_Neither:NA,True_Misconception:Wrong_term
15158,True_Correct:NA,True_Neither:NA,True_Misconception:SwapDividend
1346,True_Correct:NA,True_Neither:NA,True_Misconception:Incomplete
11836,False_Misconception:Additive,False_Neither:NA,True_Misconception:Additive
21668,True_Correct:NA,True_Neither:NA,True_Misconception:Shorter_is_bigger
35251,True_Correct:NA,True_Neither:NA,True_Misconception:Division
18867,False_Misconception:Duplication,False_Neither:NA,False_Misconception:Inversion
624,True_Correct:NA,True_Neither:NA,True_Misconception:Incomplete
34229,True_Neither:NA,True_Correct:NA,True_Misconception:Denominator-only_change
8153,False_Neither:NA,False_Misconception:Irrelevant,False_Misconception:Incomplete
32227,False_Neither:NA,False_Misconception:Positive,False_Misconception:Tacking
19371,False_Misconception:Inversion,False_Neither:NA,False_Misconception:Wrong_Operation
27400,False_Misconception:Subtraction,False_Neither:NA,False_Misconception:Division
33399,True_Correct:NA,True_Neither:NA,True_Misconception:Wrong_term
22758,True_Correct:NA,True_Neither:NA,True_Misconception:Wrong_fraction
20007,False_Misconception:Whole_numbers_larger,False_Neither:NA,False_Misconception:Shorter_is_bigger
25690,False_Misconception:Denominator-only_change,False_Neither:NA,False_Misconception:Adding_across
32185,False_Neither:NA,False_Misconception:Incomplete,False_Misconception:Tacking
7779,False_Neither:NA,False_Misconception:Mult,False_Correct:NA
29949,False_Neither:NA,False_Misconception:Tacking,False_Misconception:Positive
30641,True_Neither:NA,True_Correct:NA,True_Misconception:Tacking
8416,False_Neither:NA,False_Misconception:Irrelevant,False_Misconception:Incomplete
10821,False_Neither:NA,False_Misconception:Irrelevant,False_Correct:NA
17224,True_Neither:NA,True_Correct:NA,True_Misconception:Inversion
23719,True_Correct:NA,True_Neither:NA,True_Misconception:Adding_across
8757,False_Neither:NA,False_Misconception:Irrelevant,False_Correct:NA
13035,True_Misconception:Irrelevant,True_Neither:NA,True_Correct:NA
21842,True_Neither:NA,True_Correct:NA,True_Misconception:Additive
30852,True_Correct:NA,True_Neither:NA,True_Misconception:Positive
1157,True_Correct:NA,True_Neither:NA,True_Misconception:Incomplete
34400,True_Correct:NA,True_Neither:NA,True_Misconception:Wrong_term
29656,False_Neither:NA,False_Misconception:Irrelevant,False_Misconception:Tacking
28799,True_Correct:NA,True_Neither:NA,True_Misconception:Division
20643,True_Neither:NA,True_Correct:NA,True_Misconception:Wrong_term
28004,False_Misconception:Subtraction,False_Neither:NA,False_Correct:NA
10484,True_Correct:NA,True_Neither:NA,True_Misconception:Incomplete
31770,False_Neither:NA,False_Misconception:Positive,False_Misconception:Tacking
12891,True_Neither:NA,True_Correct:NA,True_Misconception:Additive
13211,True_Correct:NA,True_Neither:NA,True_Misconception:Mult
35646,False_Neither:NA,False_Misconception:Certainty,False_Correct:NA
18875,False_Misconception:Duplication,False_Neither:NA,False_Misconception:Inversion
28970,True_Correct:NA,True_Neither:NA,True_Misconception:Duplication
7346,True_Correct:NA,True_Neither:NA,True_Misconception:Mult
8908,False_Neither:NA,False_Correct:NA,False_Misconception:Irrelevant
25375,False_Misconception:Denominator-only_change,True_Misconception:Denominator-only_change,False_Misconception:Adding_across
34716,True_Correct:NA,True_Neither:NA,True_Misconception:Wrong_term
33515,True_Correct:NA,True_Neither:NA,True_Misconception:Wrong_term
26767,True_Correct:NA,True_Neither:NA,True_Misconception:Division
31549,False_Neither:NA,False_Misconception:Positive,False_Misconception:Tacking
12073,False_Misconception:Additive,False_Neither:NA,True_Misconception:Additive
30147,True_Neither:NA,True_Correct:NA,True_Misconception:Tacking
15298,True_Correct:NA,True_Neither:NA,True_Misconception:Mult
21455,True_Correct:NA,True_Neither:NA,True_Misconception:Shorter_is_bigger
30597,True_Neither:NA,True_Misconception:Tacking,True_Correct:NA
4750,False_Neither:NA,False_Misconception:Incomplete,False_Correct:NA
8156,False_Misconception:Incomplete,False_Neither:NA,False_Misconception:Adding_terms
29595,False_Misconception:Positive,False_Neither:NA,False_Correct:NA
5627,True_Neither:NA,True_Correct:NA,True_Misconception:Mult
5762,True_Correct:NA,True_Neither:NA,True_Misconception:Mult
14634,True_Correct:NA,True_Neither:NA,True_Misconception:SwapDividend
18788,False_Misconception:Duplication,False_Neither:NA,False_Misconception:Wrong_Operation
24068,True_Neither:NA,True_Correct:NA,True_Misconception:Denominator-only_change
13759,True_Correct:NA,True_Neither:NA,True_Misconception:Irrelevant
34140,True_Correct:NA,True_Neither:NA,True_Misconception:Wrong_term
32322,False_Neither:NA,False_Misconception:Positive,False_Misconception:Tacking
7474,False_Neither:NA,False_Misconception:Mult,False_Misconception:SwapDividend
35242,True_Correct:NA,True_Neither:NA,True_Misconception:FlipChange
29080,False_Neither:NA,False_Correct:NA,False_Misconception:Interior
24522,True_Neither:NA,True_Correct:NA,True_Misconception:Additive
13970,True_Correct:NA,True_Neither:NA,True_Misconception:Incorrect_equivalent_fraction_addition
12024,False_Misconception:Additive,False_Neither:NA,True_Misconception:Additive
31719,False_Neither:NA,False_Misconception:Positive,False_Misconception:Certainty
19549,False_Misconception:Duplication,False_Neither:NA,False_Correct:NA
28752,True_Correct:NA,True_Neither:NA,True_Misconception:Mult
19892,False_Misconception:Whole_numbers_larger,False_Neither:NA,False_Misconception:Shorter_is_bigger
35719,False_Neither:NA,False_Misconception:Certainty,False_Misconception:Scale
3386,False_Misconception:Incomplete,False_Neither:NA,False_Correct:NA
1043,True_Correct:NA,True_Neither:NA,True_Misconception:Incomplete
11259,False_Misconception:Irrelevant,False_Neither:NA,False_Misconception:SwapDividend
23461,False_Misconception:Wrong_fraction,False_Neither:NA,False_Correct:NA
16127,True_Correct:NA,True_Neither:NA,True_Misconception:SwapDividend
27469,False_Neither:NA,False_Misconception:Subtraction,False_Correct:NA
30898,True_Neither:NA,True_Correct:NA,True_Misconception:Tacking
26525,True_Correct:NA,True_Neither:NA,True_Misconception:Division
2189,True_Correct:NA,True_Neither:NA,True_Misconception:Incomplete
12785,True_Correct:NA,True_Neither:NA,True_Misconception:Irrelevant
11393,False_Misconception:Irrelevant,False_Neither:NA,False_Misconception:WNB
27416,False_Neither:NA,False_Misconception:Subtraction,False_Misconception:Division
14957,True_Correct:NA,True_Neither:NA,True_Misconception:SwapDividend
25254,False_Neither:NA,False_Correct:NA,False_Misconception:Incorrect_equivalent_fraction_addition
8425,False_Neither:NA,False_Misconception:Irrelevant,False_Misconception:Incomplete
24291,True_Correct:NA,True_Neither:NA,True_Misconception:Duplication
18136,True_Correct:NA,True_Neither:NA,True_Misconception:Duplication
4877,False_Correct:NA,False_Neither:NA,False_Misconception:Mult
15348,True_Correct:NA,True_Neither:NA,True_Misconception:SwapDividend
31304,True_Correct:NA,True_Neither:NA,True_Misconception:Tacking
1045,True_Correct:NA,True_Neither:NA,True_Misconception:Incomplete
5503,False_Neither:NA,False_Misconception:Mult,False_Correct:NA
17311,True_Correct:NA,True_Neither:NA,True_Misconception:Inversion
27475,False_Neither:NA,False_Misconception:Subtraction,False_Misconception:Division
28410,False_Misconception:Unknowable,False_Neither:NA,False_Misconception:Interior
22709,True_Correct:NA,True_Neither:NA,True_Misconception:Wrong_fraction
22325,True_Correct:NA,True_Neither:NA,True_Misconception:Wrong_fraction
311,True_Correct:NA,True_Neither:NA,True_Misconception:Incomplete
15933,True_Correct:NA,True_Neither:NA,True_Misconception:SwapDividend
8383,False_Neither:NA,False_Misconception:Irrelevant,False_Misconception:Incomplete
4178,False_Misconception:Incomplete,False_Neither:NA,False_Correct:NA
21843,True_Neither:NA,True_Correct:NA,True_Misconception:SwapDividend
16293,False_Misconception:Not_variable,False_Neither:NA,False_Correct:NA
15606,True_Correct:NA,True_Neither:NA,True_Misconception:Division
20394,True_Correct:NA,True_Neither:NA,True_Misconception:Mult
20507,True_Correct:NA,True_Neither:NA,True_Misconception:Incorrect_equivalent_fraction_addition
11578,False_Misconception:Additive,False_Neither:NA,True_Misconception:Additive
7409,True_Correct:NA,True_Neither:NA,True_Misconception:SwapDividend
2554,False_Misconception:WNB,False_Neither:NA,False_Misconception:Incomplete
22214,True_Correct:NA,True_Neither:NA,True_Misconception:Wrong_fraction
28120,False_Misconception:Subtraction,False_Neither:NA,False_Misconception:Division
19926,False_Misconception:Whole_numbers_larger,False_Neither:NA,False_Misconception:Irrelevant
5908,True_Correct:NA,True_Neither:NA,True_Misconception:Mult
14146,True_Neither:NA,True_Misconception:Irrelevant,True_Correct:NA
36241,True_Correct:NA,True_Neither:NA,True_Misconception:Wrong_term
29544,False_Neither:NA,False_Misconception:Tacking,False_Misconception:Shorter_is_bigger
24564,True_Correct:NA,True_Neither:NA,True_Misconception:Denominator-only_change
28341,False_Misconception:Unknowable,False_Neither:NA,False_Misconception:Incomplete
14613,True_Correct:NA,True_Neither:NA,False_Misconception:Adding_terms
34782,False_Misconception:Wrong_term,False_Neither:NA,False_Correct:NA
14749,True_Correct:NA,True_Neither:NA,True_Misconception:SwapDividend
12338,False_Misconception:Additive,False_Neither:NA,True_Misconception:Additive
26354,False_Neither:NA,False_Misconception:Adding_across,False_Misconception:Mult
8165,False_Neither:NA,False_Misconception:Incomplete,False_Misconception:Irrelevant
12659,True_Correct:NA,True_Neither:NA,True_Misconception:Irrelevant
35618,False_Misconception:Multiplying_by_4,False_Neither:NA,False_Misconception:Base_rate
33890,True_Correct:NA,True_Neither:NA,True_Misconception:Wrong_term
28973,True_Correct:NA,True_Neither:NA,True_Misconception:SwapDividend
3049,False_Neither:NA,False_Misconception:Incomplete,False_Misconception:WNB
28213,False_Misconception:Unknowable,False_Neither:NA,False_Misconception:Division
9331,True_Correct:NA,True_Neither:NA,True_Misconception:Incomplete
16906,True_Correct:NA,True_Neither:NA,True_Misconception:Duplication
14729,True_Correct:NA,True_Neither:NA,True_Misconception:SwapDividend
12701,True_Correct:NA,True_Neither:NA,True_Misconception:Incomplete
4217,False_Misconception:Incomplete,False_Neither:NA,False_Correct:NA
32883,False_Neither:NA,False_Misconception:Firstterm,False_Misconception:Wrong_term
1864,True_Correct:NA,True_Neither:NA,True_Misconception:Incomplete
29206,False_Neither:NA,False_Misconception:Unknowable,False_Misconception:Definition
27108,False_Neither:NA,False_Misconception:Division,False_Misconception:Subtraction
32653,False_Misconception:Wrong_term,False_Neither:NA,False_Correct:NA
8466,False_Misconception:Wrong_Fraction,False_Neither:NA,False_Misconception:Inverse_operation
11747,False_Misconception:Additive,False_Neither:NA,False_Correct:NA
8610,False_Neither:NA,False_Misconception:Wrong_Fraction,False_Misconception:Additive
2992,False_Misconception:WNB,False_Neither:NA,False_Misconception:Incomplete
10734,True_Correct:NA,True_Neither:NA,True_Misconception:Incomplete
24844,True_Neither:NA,True_Correct:NA,True_Misconception:Inversion
12357,False_Neither:NA,False_Misconception:Additive,False_Misconception:Irrelevant
29992,False_Neither:NA,False_Misconception:Tacking,False_Misconception:Positive
36087,True_Correct:NA,True_Neither:NA,True_Misconception:SwapDividend
3594,False_Neither:NA,False_Misconception:Incomplete,False_Correct:NA
165,True_Correct:NA,True_Neither:NA,True_Misconception:Incomplete
25977,False_Misconception:Adding_across,False_Neither:NA,False_Misconception:Denominator-only_change
26377,True_Neither:NA,True_Correct:NA,True_Misconception:Division
9242,True_Correct:NA,True_Neither:NA,True_Misconception:SwapDividend
25950,False_Misconception:Adding_across,False_Neither:NA,False_Misconception:Denominator-only_change
28029,False_Misconception:Subtraction,False_Neither:NA,False_Misconception:Division
7974,False_Misconception:Wrong_Fraction,False_Neither:NA,False_Misconception:Incomplete
20019,False_Neither:NA,False_Misconception:Whole_numbers_larger,False_Misconception:Irrelevant
18335,False_Misconception:Duplication,False_Neither:NA,False_Misconception:Scale
28358,False_Neither:NA,False_Misconception:Unknowable,True_Neither:NA
1796,True_Neither:NA,True_Correct:NA,False_Neither:NA
29129,False_Misconception:Interior,False_Neither:NA,False_Correct:NA
7212,True_Correct:NA,True_Neither:NA,True_Misconception:Mult
18222,False_Neither:NA,False_Misconception:Inversion,False_Misconception:Wrong_Operation
26070,False_Misconception:Adding_across,False_Neither:NA,False_Misconception:Denominator-only_change
23992,True_Correct:NA,True_Neither:NA,True_Misconception:Denominator-only_change
13724,True_Correct:NA,True_Neither:NA,True_Misconception:Duplication
12499,False_Misconception:Additive,True_Misconception:Additive,False_Neither:NA
35507,False_Neither:NA,False_Misconception:Base_rate,False_Misconception:Multiplying_by_4
25007,True_Correct:NA,True_Neither:NA,True_Misconception:Incorrect_equivalent_fraction_addition
33622,True_Correct:NA,True_Neither:NA,True_Misconception:Wrong_term
27492,False_Neither:NA,False_Misconception:Subtraction,False_Correct:NA
15238,True_Correct:NA,True_Neither:NA,True_Misconception:SwapDividend
501,True_Correct:NA,True_Neither:NA,True_Misconception:Incomplete
28840,True_Correct:NA,True_Neither:NA,True_Misconception:Duplication
30917,True_Neither:NA,True_Correct:NA,True_Misconception:Tacking
5864,True_Correct:NA,True_Neither:NA,True_Misconception:Mult
34079,True_Correct:NA,True_Neither:NA,True_Misconception:Wrong_term
10959,False_Misconception:Irrelevant,False_Neither:NA,False_Misconception:Incomplete
30844,True_Correct:NA,True_Neither:NA,True_Misconception:Tacking
16176,False_Misconception:Adding_terms,False_Neither:NA,False_Misconception:Inversion
29972,False_Neither:NA,False_Misconception:Positive,False_Misconception:Tacking
10919,False_Misconception:Irrelevant,False_Neither:NA,True_Misconception:Irrelevant
29479,False_Neither:NA,False_Misconception:Shorter_is_bigger,False_Misconception:Scale
1052,True_Correct:NA,True_Neither:NA,True_Misconception:Incomplete
33752,True_Correct:NA,True_Neither:NA,True_Misconception:Wrong_term
24756,True_Correct:NA,True_Neither:NA,True_Misconception:Denominator-only_change
33419,True_Correct:NA,True_Neither:NA,True_Misconception:Wrong_term
32477,False_Neither:NA,False_Correct:NA,False_Misconception:Wrong_term
20250,False_Neither:NA,False_Correct:NA,False_Misconception:Ignores_zeroes
18929,False_Misconception:Duplication,False_Neither:NA,False_Correct:NA
19667,False_Misconception:Inversion,False_Neither:NA,False_Misconception:Duplication
13845,True_Neither:NA,True_Correct:NA,True_Misconception:Additive
17098,True_Correct:NA,True_Neither:NA,True_Misconception:Inversion
34386,True_Neither:NA,True_Correct:NA,True_Misconception:Wrong_term
5907,True_Correct:NA,True_Neither:NA,True_Misconception:Mult
10598,True_Correct:NA,True_Neither:NA,True_Misconception:Mult
36274,True_Neither:NA,True_Correct:NA,True_Misconception:SwapDividend
19728,False_Misconception:Whole_numbers_larger,False_Neither:NA,False_Misconception:Longer_is_bigger
23109,False_Misconception:Wrong_fraction,False_Neither:NA,False_Correct:NA
18426,False_Neither:NA,False_Correct:NA,False_Misconception:Duplication
33988,True_Neither:NA,True_Correct:NA,True_Misconception:Wrong_term
36505,False_Neither:NA,False_Misconception:Scale,False_Misconception:Certainty
14845,True_Correct:NA,True_Neither:NA,True_Misconception:SwapDividend
33888,True_Neither:NA,True_Correct:NA,False_Neither:NA
18632,False_Misconception:Duplication,False_Neither:NA,False_Misconception:Inversion
9237,True_Correct:NA,True_Neither:NA,True_Misconception:Incomplete
1993,True_Correct:NA,True_Neither:NA,True_Misconception:Incomplete
20983,True_Correct:NA,True_Neither:NA,True_Misconception:Incomplete
34422,True_Correct:NA,True_Neither:NA,True_Misconception:Wrong_term
23498,False_Misconception:Wrong_fraction,False_Neither:NA,False_Misconception:Incomplete
2111,True_Neither:NA,True_Correct:NA,True_Misconception:Inversion
13577,True_Correct:NA,True_Neither:NA,True_Misconception:Additive
1732,True_Correct:NA,True_Neither:NA,True_Misconception:Incomplete
33460,True_Correct:NA,True_Neither:NA,True_Misconception:Wrong_term
33402,True_Neither:NA,True_Correct:NA,True_Misconception:Wrong_term
18116,True_Correct:NA,True_Neither:NA,True_Misconception:Duplication
24412,True_Correct:NA,True_Neither:NA,True_Misconception:Incorrect_equivalent_fraction_addition
2649,False_Neither:NA,False_Misconception:WNB,False_Misconception:Incomplete
1332,True_Correct:NA,True_Neither:NA,True_Misconception:Incomplete
15836,True_Correct:NA,True_Neither:NA,True_Misconception:SwapDividend
26713,True_Correct:NA,True_Neither:NA,True_Misconception:Wrong_fraction
4756,False_Misconception:Incomplete,False_Neither:NA,False_Correct:NA
26554,True_Correct:NA,True_Neither:NA,True_Misconception:Division
21237,True_Correct:NA,True_Neither:NA,True_Misconception:Shorter_is_bigger
21495,True_Correct:NA,True_Neither:NA,True_Misconception:SwapDividend
28438,False_Misconception:Unknowable,False_Neither:NA,False_Misconception:Interior
314,True_Correct:NA,True_Neither:NA,True_Misconception:Incomplete
30240,True_Neither:NA,True_Misconception:Tacking,False_Neither:NA
22637,True_Correct:NA,True_Neither:NA,True_Misconception:Wrong_fraction
10035,True_Correct:NA,True_Neither:NA,True_Misconception:Mult
23976,True_Neither:NA,True_Misconception:Irrelevant,True_Correct:NA
15392,True_Correct:NA,True_Neither:NA,True_Misconception:SwapDividend
33870,True_Correct:NA,True_Neither:NA,True_Misconception:Wrong_term
23751,True_Neither:NA,True_Correct:NA,True_Misconception:Inversion
35272,True_Correct:NA,True_Neither:NA,True_Misconception:Multiplying_by_4
35754,True_Correct:NA,True_Neither:NA,True_Misconception:SwapDividend
26411,True_Correct:NA,True_Neither:NA,True_Misconception:Incomplete
28183,False_Neither:NA,False_Misconception:Unknowable,False_Misconception:Scale
7462,False_Misconception:Mult,False_Neither:NA,False_Misconception:SwapDividend
21127,True_Correct:NA,True_Neither:NA,True_Misconception:Incomplete
16430,False_Neither:NA,False_Misconception:Adding_terms,False_Misconception:Not_variable
23293,False_Misconception:Wrong_fraction,False_Neither:NA,False_Misconception:Incomplete
34446,True_Correct:NA,True_Neither:NA,True_Misconception:Wrong_term
18282,False_Misconception:Duplication,False_Neither:NA,False_Misconception:Inversion
10173,True_Correct:NA,True_Neither:NA,True_Misconception:WNB
5697,True_Correct:NA,True_Neither:NA,True_Misconception:SwapDividend
26759,True_Correct:NA,True_Neither:NA,True_Misconception:Division
14169,True_Correct:NA,True_Neither:NA,True_Misconception:Duplication
12335,False_Misconception:Additive,False_Neither:NA,True_Misconception:Additive
4445,False_Neither:NA,False_Misconception:Incomplete,False_Misconception:WNB
32741,False_Misconception:Wrong_term,False_Neither:NA,False_Correct:NA
34012,True_Neither:NA,True_Correct:NA,True_Misconception:Wrong_term
6493,True_Correct:NA,True_Neither:NA,True_Misconception:Mult
18049,True_Neither:NA,True_Correct:NA,True_Misconception:Inversion
28630,True_Neither:NA,True_Correct:NA,True_Misconception:Additive
10157,True_Correct:NA,True_Neither:NA,False_Correct:NA
5086,False_Misconception:SwapDividend,False_Misconception:Mult,False_Neither:NA
20629,True_Neither:NA,True_Misconception:Shorter_is_bigger,True_Correct:NA
27111,False_Neither:NA,False_Misconception:Subtraction,False_Misconception:Division
21273,True_Neither:NA,True_Correct:NA,True_Misconception:Shorter_is_bigger
27395,False_Misconception:Subtraction,False_Neither:NA,False_Misconception:Division
31088,True_Neither:NA,True_Misconception:Tacking,True_Correct:NA
32084,False_Neither:NA,False_Misconception:Positive,False_Misconception:Tacking
27991,False_Neither:NA,False_Misconception:Subtraction,False_Misconception:Division
3761,False_Misconception:Incomplete,False_Neither:NA,False_Correct:NA
26939,True_Neither:NA,True_Correct:NA,True_Misconception:Division
14881,True_Neither:NA,True_Correct:NA,True_Misconception:Irrelevant
8290,False_Misconception:Wrong_Fraction,False_Neither:NA,False_Misconception:Inverse_operation
21363,True_Correct:NA,True_Neither:NA,True_Misconception:Shorter_is_bigger
21467,True_Correct:NA,True_Neither:NA,True_Misconception:Inversion
10520,True_Correct:NA,True_Neither:NA,True_Misconception:SwapDividend
6216,True_Correct:NA,True_Neither:NA,True_Misconception:Mult
13363,True_Correct:NA,True_Neither:NA,True_Misconception:Irrelevant
10182,True_Correct:NA,True_Neither:NA,True_Misconception:Incomplete
18026,True_Correct:NA,True_Neither:NA,True_Misconception:Mult
1670,True_Neither:NA,True_Correct:NA,True_Misconception:Division
15001,True_Correct:NA,True_Neither:NA,True_Misconception:SwapDividend
20087,False_Misconception:Whole_numbers_larger,False_Neither:NA,False_Misconception:Shorter_is_bigger
33048,False_Misconception:Wrong_term,False_Neither:NA,False_Misconception:Adding_terms
18027,True_Correct:NA,True_Neither:NA,True_Misconception:Duplication
12418,False_Misconception:Additive,False_Neither:NA,True_Misconception:Additive
6193,True_Correct:NA,True_Neither:NA,False_Correct:NA
4569,False_Misconception:Incomplete,False_Neither:NA,False_Correct:NA
7178,True_Correct:NA,True_Neither:NA,True_Misconception:Mult
12131,False_Misconception:Additive,False_Neither:NA,True_Misconception:Additive
20228,False_Neither:NA,False_Correct:NA,False_Misconception:Ignores_zeroes
36264,True_Correct:NA,True_Neither:NA,True_Misconception:Mult
21009,True_Neither:NA,True_Correct:NA,True_Misconception:Inversion
19334,False_Misconception:Inversion,False_Misconception:Duplication,False_Neither:NA
1876,True_Correct:NA,True_Neither:NA,True_Misconception:Incomplete
200,True_Correct:NA,True_Neither:NA,True_Misconception:Incomplete
4903,False_Misconception:Mult,False_Neither:NA,False_Misconception:SwapDividend
10477,True_Correct:NA,True_Neither:NA,True_Misconception:Wrong_fraction
3792,False_Misconception:Incomplete,False_Neither:NA,False_Correct:NA
7742,False_Neither:NA,False_Misconception:SwapDividend,False_Misconception:FlipChange
26030,False_Misconception:Adding_across,False_Neither:NA,False_Misconception:Denominator-only_change
20048,False_Misconception:Whole_numbers_larger,False_Neither:NA,False_Misconception:Shorter_is_bigger
23522,False_Neither:NA,False_Misconception:Wrong_fraction,False_Correct:NA
27634,False_Neither:NA,False_Misconception:Subtraction,False_Misconception:Division
7024,True_Correct:NA,True_Neither:NA,False_Neither:NA
396,True_Neither:NA,True_Misconception:WNB,True_Correct:NA
12465,False_Misconception:Additive,False_Neither:NA,False_Misconception:Irrelevant
35827,True_Neither:NA,True_Correct:NA,True_Misconception:SwapDividend
17048,True_Correct:NA,True_Neither:NA,True_Misconception:Duplication
8517,False_Misconception:Wrong_Fraction,False_Neither:NA,False_Correct:NA
26408,True_Neither:NA,True_Correct:NA,True_Misconception:Division
2290,True_Neither:NA,True_Correct:NA,True_Misconception:WNB
17966,True_Correct:NA,True_Neither:NA,True_Misconception:Inversion
15516,True_Correct:NA,True_Neither:NA,True_Misconception:SwapDividend
23655,True_Correct:NA,True_Neither:NA,True_Misconception:Mult
31224,True_Correct:NA,True_Neither:NA,True_Misconception:Positive
977,True_Correct:NA,True_Neither:NA,True_Misconception:WNB
25486,False_Misconception:Denominator-only_change,False_Neither:NA,False_Misconception:Inversion
19327,False_Misconception:Inversion,False_Neither:NA,False_Misconception:Duplication
7817,False_Neither:NA,False_Misconception:Mult,False_Misconception:Longer_is_bigger
27343,False_Neither:NA,False_Misconception:Division,False_Misconception:Subtraction
1900,True_Correct:NA,True_Neither:NA,True_Misconception:Incomplete
25597,False_Neither:NA,False_Misconception:Denominator-only_change,False_Misconception:Adding_across
17960,True_Correct:NA,True_Neither:NA,True_Misconception:Duplication
24897,True_Correct:NA,True_Neither:NA,False_Correct:NA
21163,True_Correct:NA,True_Neither:NA,True_Misconception:Shorter_is_bigger
35685,False_Misconception:Certainty,False_Neither:NA,False_Correct:NA
6156,True_Correct:NA,True_Neither:NA,True_Misconception:Mult
6394,True_Correct:NA,True_Neither:NA,True_Misconception:Mult
10231,True_Correct:NA,True_Neither:NA,True_Misconception:Incomplete
26547,True_Correct:NA,True_Neither:NA,True_Misconception:Wrong_fraction
4689,False_Neither:NA,False_Misconception:Incomplete,False_Correct:NA
3053,False_Misconception:Incomplete,False_Neither:NA,False_Misconception:WNB
15309,True_Correct:NA,True_Neither:NA,True_Misconception:SwapDividend
1681,True_Correct:NA,True_Neither:NA,True_Misconception:Incomplete
369,True_Correct:NA,True_Neither:NA,True_Misconception:Incomplete
21160,True_Correct:NA,True_Neither:NA,True_Misconception:Inversion
2296,True_Correct:NA,True_Neither:NA,True_Misconception:Incomplete
8510,False_Misconception:Wrong_Fraction,False_Neither:NA,False_Misconception:Inverse_operation
1807,True_Neither:NA,True_Correct:NA,False_Neither:NA
27175,False_Misconception:Division,False_Neither:NA,True_Misconception:Division
1427,True_Correct:NA,True_Neither:NA,True_Misconception:Incomplete
11557,False_Misconception:Additive,True_Misconception:Additive,False_Neither:NA
17559,True_Neither:NA,True_Correct:NA,True_Misconception:Inversion
16674,True_Correct:NA,True_Neither:NA,True_Misconception:Denominator-only_change
17795,True_Correct:NA,True_Neither:NA,True_Misconception:Duplication
2624,False_Misconception:WNB,False_Neither:NA,False_Misconception:Incomplete
2295,True_Correct:NA,True_Neither:NA,True_Misconception:Incomplete
3589,False_Misconception:Incomplete,False_Neither:NA,False_Correct:NA
22595,True_Correct:NA,True_Neither:NA,True_Misconception:Wrong_fraction
3861,False_Neither:NA,False_Misconception:Incomplete,False_Misconception:WNB
17008,True_Correct:NA,True_Neither:NA,True_Misconception:Division
10312,True_Correct:NA,True_Neither:NA,True_Misconception:Incorrect_equivalent_fraction_addition
21624,True_Neither:NA,True_Correct:NA,True_Misconception:Additive
16681,True_Correct:NA,True_Neither:NA,True_Misconception:Duplication
26878,True_Correct:NA,True_Neither:NA,True_Misconception:Wrong_fraction
10365,True_Correct:NA,True_Neither:NA,True_Misconception:Incomplete
6354,True_Correct:NA,True_Neither:NA,True_Misconception:Mult
27209,False_Neither:NA,False_Misconception:Subtraction,False_Misconception:Division
3725,False_Misconception:Incomplete,False_Neither:NA,False_Misconception:WNB
19562,False_Neither:NA,False_Misconception:Duplication,False_Misconception:Inversion
26766,True_Correct:NA,True_Neither:NA,True_Misconception:Division
14183,True_Correct:NA,True_Neither:NA,True_Misconception:Mult
25059,True_Correct:NA,True_Neither:NA,False_Correct:NA
34949,False_Misconception:Firstterm,False_Neither:NA,True_Misconception:Firstterm
35460,True_Correct:NA,True_Neither:NA,True_Misconception:SwapDividend
20723,True_Correct:NA,True_Neither:NA,True_Misconception:Incomplete
4817,False_Misconception:Incomplete,False_Neither:NA,False_Correct:NA
33017,False_Misconception:Wrong_term,False_Neither:NA,False_Correct:NA
15824,True_Correct:NA,True_Neither:NA,True_Misconception:Mult
7403,True_Correct:NA,True_Neither:NA,True_Misconception:Mult
19402,False_Neither:NA,False_Misconception:Inversion,False_Misconception:Division
1536,True_Correct:NA,True_Neither:NA,True_Misconception:Incomplete
896,True_Correct:NA,True_Neither:NA,True_Misconception:Incomplete
29662,False_Neither:NA,False_Misconception:Tacking,False_Misconception:Incomplete
21463,True_Neither:NA,True_Correct:NA,True_Misconception:Additive
26264,False_Neither:NA,False_Misconception:Adding_across,False_Misconception:Incomplete
29223,False_Neither:NA,False_Misconception:WNB,False_Misconception:Wrong_term
22237,True_Correct:NA,True_Neither:NA,True_Misconception:Wrong_fraction
5936,True_Correct:NA,True_Neither:NA,True_Misconception:Mult
29960,False_Neither:NA,False_Misconception:Duplication,False_Misconception:Whole_numbers_larger
697,True_Neither:NA,True_Correct:NA,False_Neither:NA
17329,True_Correct:NA,True_Neither:NA,True_Misconception:Mult
12276,False_Misconception:Additive,True_Misconception:Additive,False_Neither:NA
14827,True_Correct:NA,True_Neither:NA,True_Misconception:SwapDividend
23213,False_Misconception:Wrong_fraction,False_Neither:NA,False_Misconception:Incomplete
29427,False_Misconception:Tacking,False_Neither:NA,False_Misconception:Positive
2043,True_Correct:NA,True_Neither:NA,True_Misconception:Incomplete
1288,True_Correct:NA,True_Neither:NA,True_Misconception:WNB
19686,False_Misconception:Whole_numbers_larger,False_Neither:NA,False_Misconception:Shorter_is_bigger
16594,True_Neither:NA,True_Correct:NA,True_Misconception:Inversion
17196,True_Correct:NA,True_Neither:NA,True_Misconception:Irrelevant
14570,True_Correct:NA,True_Neither:NA,True_Misconception:SwapDividend
18662,False_Misconception:Duplication,False_Neither:NA,False_Correct:NA
26164,False_Neither:NA,False_Misconception:Adding_across,False_Misconception:Certainty
15758,True_Correct:NA,True_Neither:NA,True_Misconception:SwapDividend
10305,True_Correct:NA,True_Neither:NA,False_Correct:NA
18251,False_Neither:NA,False_Misconception:Wrong_Operation,False_Misconception:Positive
35785,True_Correct:NA,True_Neither:NA,True_Misconception:Incomplete
25114,True_Neither:NA,True_Correct:NA,True_Misconception:Denominator-only_change
27054,False_Neither:NA,False_Correct:NA,False_Misconception:Division
32054,False_Misconception:Tacking,False_Neither:NA,True_Misconception:Tacking
32754,False_Misconception:Wrong_term,False_Neither:NA,False_Misconception:Adding_terms
2342,True_Neither:NA,True_Correct:NA,True_Misconception:WNB
34965,False_Neither:NA,False_Misconception:Firstterm,False_Correct:NA
28423,False_Neither:NA,False_Misconception:Unknowable,False_Misconception:Definition
14462,True_Correct:NA,True_Neither:NA,True_Misconception:SwapDividend
5749,True_Correct:NA,True_Neither:NA,True_Misconception:Mult
14565,True_Correct:NA,True_Neither:NA,True_Misconception:SwapDividend
30664,True_Correct:NA,True_Neither:NA,True_Misconception:Positive
31139,True_Misconception:Tacking,False_Misconception:Tacking,True_Neither:NA
18979,False_Neither:NA,False_Misconception:Duplication,False_Misconception:Wrong_Operation
36047,True_Correct:NA,True_Neither:NA,True_Misconception:Wrong_fraction
14218,True_Correct:NA,True_Neither:NA,True_Misconception:Irrelevant
31999,False_Neither:NA,False_Misconception:Positive,False_Misconception:Tacking
26843,True_Correct:NA,True_Neither:NA,True_Misconception:Incomplete
35578,False_Misconception:Multiplying_by_4,False_Neither:NA,False_Misconception:Base_rate
31218,True_Correct:NA,True_Neither:NA,True_Misconception:Positive
4265,False_Neither:NA,False_Misconception:Incomplete,False_Misconception:Irrelevant
27036,False_Neither:NA,False_Misconception:Division,False_Misconception:Mult
26667,True_Neither:NA,True_Correct:NA,True_Misconception:Division
23008,False_Misconception:Wrong_fraction,False_Neither:NA,False_Misconception:Incomplete
22935,False_Neither:NA,False_Misconception:Incomplete,False_Misconception:Irrelevant
5712,True_Correct:NA,True_Neither:NA,True_Misconception:Mult
31900,False_Neither:NA,False_Misconception:Positive,False_Misconception:Tacking
30321,True_Neither:NA,True_Correct:NA,True_Misconception:Tacking
29731,False_Neither:NA,False_Misconception:Positive,False_Misconception:Tacking
15113,True_Correct:NA,True_Neither:NA,True_Misconception:SwapDividend
3193,False_Neither:NA,False_Misconception:Incomplete,False_Correct:NA
25859,False_Neither:NA,False_Misconception:Denominator-only_change,False_Misconception:Adding_across
12147,False_Misconception:Additive,False_Neither:NA,True_Misconception:Additive
13194,True_Correct:NA,True_Neither:NA,True_Misconception:FlipChange
16114,True_Correct:NA,True_Neither:NA,True_Misconception:SwapDividend
23891,True_Correct:NA,True_Neither:NA,True_Misconception:Denominator-only_change
8592,False_Neither:NA,False_Misconception:Incomplete,False_Misconception:Irrelevant
20768,True_Neither:NA,True_Correct:NA,True_Misconception:Shorter_is_bigger
1682,True_Correct:NA,True_Neither:NA,True_Misconception:Incomplete
6808,True_Correct:NA,True_Neither:NA,True_Misconception:Mult
11740,False_Misconception:Additive,False_Neither:NA,True_Misconception:Additive
1616,True_Correct:NA,True_Neither:NA,True_Misconception:Incomplete
6760,True_Correct:NA,True_Neither:NA,True_Misconception:Inversion
8475,False_Misconception:Wrong_Fraction,False_Neither:NA,False_Correct:NA
480,True_Neither:NA,True_Correct:NA,True_Misconception:WNB
33466,True_Neither:NA,True_Misconception:Wrong_term,True_Correct:NA
28597,True_Correct:NA,True_Neither:NA,True_Misconception:Firstterm
27378,False_Misconception:Subtraction,False_Neither:NA,False_Misconception:Division
15211,True_Correct:NA,True_Neither:NA,True_Misconception:Wrong_fraction
8634,False_Neither:NA,False_Correct:NA,False_Misconception:Wrong_Fraction
18947,False_Misconception:Duplication,False_Neither:NA,False_Misconception:Inversion
24177,True_Neither:NA,False_Neither:NA,True_Correct:NA
34470,True_Correct:NA,True_Neither:NA,True_Misconception:Wrong_term
14495,True_Correct:NA,True_Neither:NA,True_Misconception:SwapDividend
1717,True_Neither:NA,True_Correct:NA,True_Misconception:WNB
26610,True_Neither:NA,True_Misconception:Shorter_is_bigger,True_Correct:NA
16798,True_Correct:NA,True_Neither:NA,True_Misconception:Duplication
26892,True_Neither:NA,True_Correct:NA,True_Misconception:Division
33871,True_Correct:NA,True_Neither:NA,True_Misconception:Wrong_term
5115,False_Neither:NA,False_Misconception:Inversion,False_Misconception:SwapDividend
12038,False_Misconception:Additive,True_Misconception:Additive,False_Neither:NA
17102,True_Correct:NA,True_Neither:NA,True_Misconception:Inversion
28946,True_Correct:NA,True_Neither:NA,True_Misconception:Duplication
27806,False_Neither:NA,False_Misconception:Subtraction,False_Misconception:Division
8713,False_Neither:NA,False_Misconception:Incomplete,False_Misconception:Irrelevant
25057,True_Correct:NA,True_Neither:NA,True_Misconception:Duplication
12607,True_Correct:NA,True_Neither:NA,True_Misconception:Irrelevant
35960,True_Correct:NA,True_Neither:NA,True_Misconception:Incomplete
31082,True_Neither:NA,True_Correct:NA,True_Misconception:Tacking
4280,False_Misconception:Incomplete,False_Neither:NA,False_Misconception:Denominator-only_change
19534,False_Misconception:Inversion,False_Neither:NA,False_Misconception:Duplication
7070,True_Correct:NA,True_Neither:NA,True_Misconception:SwapDividend
5533,True_Correct:NA,True_Neither:NA,True_Misconception:Mult
10689,True_Correct:NA,True_Neither:NA,True_Misconception:Incomplete
16303,False_Neither:NA,False_Misconception:Not_variable,False_Correct:NA
26306,False_Neither:NA,False_Misconception:Adding_across,False_Misconception:Denominator-only_change
1487,True_Neither:NA,True_Correct:NA,True_Misconception:WNB
36517,False_Misconception:Scale,False_Neither:NA,False_Correct:NA
186,True_Correct:NA,True_Neither:NA,True_Misconception:Incomplete
18534,False_Misconception:Duplication,False_Neither:NA,False_Misconception:Wrong_Operation
26679,True_Neither:NA,True_Correct:NA,True_Misconception:Additive
26190,False_Neither:NA,False_Misconception:Adding_across,False_Misconception:Denominator-only_change
18896,False_Neither:NA,False_Misconception:Duplication,False_Correct:NA
30553,True_Neither:NA,True_Correct:NA,True_Misconception:Tacking
1594,True_Neither:NA,True_Correct:NA,True_Misconception:WNB
26561,True_Correct:NA,True_Neither:NA,True_Misconception:Incomplete
32018,False_Misconception:Positive,False_Neither:NA,False_Misconception:Tacking
23951,True_Neither:NA,True_Correct:NA,True_Misconception:Additive
13101,True_Correct:NA,True_Neither:NA,True_Misconception:Irrelevant
16437,False_Misconception:Not_variable,False_Neither:NA,False_Misconception:Adding_terms
6065,True_Correct:NA,True_Neither:NA,False_Correct:NA
19754,False_Misconception:Whole_numbers_larger,False_Neither:NA,False_Misconception:Shorter_is_bigger
2525,False_Neither:NA,False_Misconception:WNB,True_Misconception:WNB
21807,True_Correct:NA,True_Neither:NA,True_Misconception:Shorter_is_bigger
10497,True_Correct:NA,True_Neither:NA,True_Misconception:Wrong_fraction
6972,True_Neither:NA,True_Correct:NA,True_Misconception:Shorter_is_bigger
19295,False_Misconception:Inversion,False_Neither:NA,False_Misconception:Wrong_term
23517,False_Misconception:Wrong_fraction,False_Neither:NA,False_Correct:NA
21830,True_Neither:NA,True_Correct:NA,True_Misconception:SwapDividend
29514,False_Neither:NA,False_Misconception:Tacking,False_Misconception:Positive
4850,False_Neither:NA,False_Misconception:Incomplete,False_Misconception:WNB
20535,True_Correct:NA,True_Neither:NA,True_Misconception:Shorter_is_bigger
36394,False_Neither:NA,False_Misconception:Scale,False_Misconception:Certainty
34659,True_Neither:NA,True_Correct:NA,True_Misconception:Firstterm
20960,True_Correct:NA,True_Neither:NA,True_Misconception:Mult
18082,True_Correct:NA,True_Neither:NA,True_Misconception:Duplication
21838,True_Neither:NA,True_Correct:NA,True_Misconception:Additive
13152,True_Correct:NA,True_Neither:NA,True_Misconception:Additive
15832,True_Correct:NA,True_Neither:NA,True_Misconception:SwapDividend
18873,False_Misconception:Duplication,False_Neither:NA,False_Misconception:Inversion
10586,True_Correct:NA,True_Neither:NA,True_Misconception:Wrong_fraction
29415,False_Misconception:Positive,False_Neither:NA,False_Correct:NA
14197,True_Neither:NA,True_Misconception:Additive,True_Correct:NA
11626,False_Neither:NA,False_Misconception:Additive,False_Misconception:Tacking
16313,False_Misconception:Not_variable,False_Neither:NA,False_Correct:NA
27713,False_Misconception:Subtraction,False_Neither:NA,False_Misconception:Division
12508,False_Neither:NA,False_Misconception:Additive,False_Misconception:Not_variable
28025,False_Misconception:Subtraction,False_Neither:NA,False_Misconception:Division
36331,False_Neither:NA,False_Misconception:Certainty,False_Misconception:Unknowable
27738,False_Misconception:Subtraction,False_Neither:NA,False_Correct:NA
9747,True_Correct:NA,True_Neither:NA,True_Misconception:Wrong_fraction
12950,True_Correct:NA,True_Neither:NA,True_Misconception:Division
28260,False_Misconception:Unknowable,False_Neither:NA,False_Correct:NA
29018,True_Neither:NA,True_Correct:NA,True_Misconception:Division
11428,False_Neither:NA,False_Misconception:Irrelevant,False_Correct:NA
26419,True_Correct:NA,True_Neither:NA,True_Misconception:SwapDividend
21613,True_Neither:NA,True_Correct:NA,True_Misconception:Shorter_is_bigger
33726,True_Correct:NA,True_Neither:NA,True_Misconception:Wrong_term
35834,True_Correct:NA,True_Neither:NA,True_Misconception:Mult
16162,False_Misconception:Adding_terms,False_Neither:NA,False_Misconception:Incomplete
28676,True_Correct:NA,True_Neither:NA,True_Misconception:SwapDividend
23818,True_Correct:NA,True_Neither:NA,True_Misconception:Denominator-only_change
29456,False_Neither:NA,False_Misconception:Positive,False_Misconception:Tacking
17055,True_Correct:NA,True_Neither:NA,True_Misconception:Inversion
26074,False_Misconception:Adding_across,False_Misconception:Denominator-only_change,False_Neither:NA
21759,True_Correct:NA,True_Neither:NA,True_Misconception:Incomplete
18920,False_Misconception:Duplication,False_Neither:NA,False_Misconception:Inversion
13774,True_Correct:NA,True_Neither:NA,True_Misconception:SwapDividend
6824,True_Correct:NA,True_Neither:NA,True_Misconception:Mult
13321,True_Correct:NA,True_Neither:NA,True_Misconception:Mult
23999,True_Correct:NA,True_Neither:NA,True_Misconception:Denominator-only_change
8049,False_Neither:NA,False_Misconception:Incomplete,False_Misconception:Longer_is_bigger
27551,False_Neither:NA,False_Misconception:Subtraction,False_Misconception:Division
30905,True_Neither:NA,True_Correct:NA,True_Misconception:Tacking
1270,True_Correct:NA,True_Neither:NA,True_Misconception:Incomplete
36340,False_Neither:NA,False_Misconception:Certainty,False_Misconception:Longer_is_bigger
1496,True_Correct:NA,True_Neither:NA,True_Misconception:Incomplete
21106,True_Misconception:Shorter_is_bigger,True_Neither:NA,True_Correct:NA
7898,False_Neither:NA,False_Misconception:FlipChange,False_Misconception:SwapDividend
26042,False_Misconception:Adding_across,False_Neither:NA,False_Misconception:Denominator-only_change
22231,True_Correct:NA,True_Neither:NA,False_Misconception:Wrong_fraction
21610,True_Correct:NA,True_Neither:NA,True_Misconception:Incomplete
1837,True_Neither:NA,True_Correct:NA,True_Misconception:WNB
22129,True_Correct:NA,True_Neither:NA,True_Misconception:Mult
27482,False_Neither:NA,False_Misconception:Subtraction,False_Misconception:Additive
33116,False_Misconception:Wrong_term,False_Neither:NA,False_Correct:NA
1090,True_Neither:NA,True_Correct:NA,True_Misconception:SwapDividend
7193,True_Neither:NA,True_Correct:NA,True_Misconception:Mult
8180,False_Neither:NA,False_Misconception:Incomplete,False_Misconception:Irrelevant
21305,True_Neither:NA,True_Correct:NA,True_Misconception:Additive
16596,True_Correct:NA,True_Neither:NA,True_Misconception:Mult
25079,True_Correct:NA,True_Neither:NA,True_Misconception:Denominator-only_change
3942,False_Misconception:Incomplete,False_Neither:NA,False_Correct:NA
22550,True_Correct:NA,True_Neither:NA,True_Misconception:Wrong_fraction
28695,True_Correct:NA,True_Neither:NA,True_Misconception:Wrong_fraction
34377,True_Correct:NA,True_Neither:NA,True_Misconception:Wrong_term
16170,False_Neither:NA,False_Misconception:Adding_terms,False_Correct:NA
22741,True_Neither:NA,True_Correct:NA,True_Misconception:Division
24314,True_Neither:NA,True_Correct:NA,True_Misconception:Irrelevant
21480,True_Correct:NA,True_Neither:NA,True_Misconception:Shorter_is_bigger
6650,True_Correct:NA,True_Neither:NA,True_Misconception:Mult
5466,False_Neither:NA,False_Correct:NA,False_Misconception:Mult
34602,True_Correct:NA,True_Neither:NA,True_Misconception:Wrong_term
36295,False_Misconception:Scale,False_Neither:NA,False_Misconception:Certainty
22406,True_Neither:NA,True_Correct:NA,True_Misconception:Wrong_fraction
32626,False_Misconception:Wrong_term,False_Neither:NA,False_Correct:NA
23469,False_Misconception:Wrong_fraction,False_Neither:NA,False_Correct:NA
19126,False_Misconception:Duplication,False_Neither:NA,False_Correct:NA
13253,True_Correct:NA,True_Neither:NA,True_Misconception:Irrelevant
24500,True_Correct:NA,True_Neither:NA,True_Misconception:Mult
31343,True_Correct:NA,True_Neither:NA,True_Misconception:SwapDividend
12535,True_Correct:NA,True_Neither:NA,True_Misconception:Mult
7714,False_Neither:NA,False_Misconception:SwapDividend,False_Misconception:Mult
86,True_Correct:NA,True_Neither:NA,True_Misconception:Incomplete
21579,True_Correct:NA,True_Neither:NA,True_Misconception:Inversion
13512,True_Correct:NA,True_Neither:NA,True_Misconception:Incomplete
15686,True_Correct:NA,True_Neither:NA,True_Misconception:SwapDividend
4705,False_Misconception:Incomplete,False_Neither:NA,False_Correct:NA
14100,True_Correct:NA,True_Neither:NA,True_Misconception:Irrelevant
34576,True_Correct:NA,True_Neither:NA,True_Misconception:Wrong_term
12790,True_Correct:NA,True_Neither:NA,True_Misconception:Irrelevant
24315,True_Correct:NA,True_Neither:NA,True_Misconception:Denominator-only_change
5045,False_Misconception:Mult,False_Misconception:SwapDividend,False_Neither:NA
10084,True_Correct:NA,True_Neither:NA,True_Misconception:SwapDividend
5160,False_Neither:NA,False_Misconception:Mult,False_Misconception:Irrelevant
29637,False_Neither:NA,False_Misconception:Positive,False_Misconception:Tacking
15778,True_Correct:NA,True_Neither:NA,True_Misconception:SwapDividend
6675,True_Correct:NA,True_Neither:NA,True_Misconception:Mult
7348,True_Correct:NA,True_Neither:NA,True_Misconception:SwapDividend
4884,False_Misconception:Mult,False_Neither:NA,False_Misconception:SwapDividend
33414,True_Neither:NA,True_Correct:NA,True_Misconception:Wrong_term
5746,True_Neither:NA,True_Correct:NA,True_Misconception:SwapDividend
6246,True_Correct:NA,True_Neither:NA,True_Misconception:Mult
26496,True_Correct:NA,True_Neither:NA,True_Misconception:Incomplete
26436,True_Correct:NA,True_Neither:NA,True_Misconception:Division
18094,True_Correct:NA,True_Neither:NA,True_Misconception:Duplication
36227,True_Neither:NA,True_Correct:NA,True_Misconception:SwapDividend
13559,True_Neither:NA,True_Correct:NA,False_Neither:NA
5875,True_Correct:NA,True_Neither:NA,True_Misconception:Mult
22957,False_Neither:NA,False_Misconception:Incomplete,False_Misconception:Longer_is_bigger
25941,False_Misconception:Adding_across,False_Neither:NA,False_Misconception:Denominator-only_change
279,True_Neither:NA,True_Correct:NA,True_Misconception:WNB
2676,False_Neither:NA,False_Misconception:WNB,False_Misconception:Incomplete
18364,False_Misconception:Duplication,False_Neither:NA,False_Misconception:Wrong_Operation
13400,True_Correct:NA,True_Neither:NA,True_Misconception:Division
17418,True_Correct:NA,True_Neither:NA,True_Misconception:Duplication
24339,True_Correct:NA,True_Neither:NA,True_Misconception:FlipChange
27933,False_Neither:NA,False_Misconception:Subtraction,False_Misconception:Division
3899,False_Misconception:Incomplete,False_Neither:NA,False_Misconception:WNB
12325,False_Misconception:Additive,True_Misconception:Additive,False_Neither:NA
27967,False_Neither:NA,False_Misconception:Subtraction,False_Correct:NA
30805,True_Correct:NA,True_Neither:NA,True_Misconception:Incorrect_equivalent_fraction_addition
20930,True_Correct:NA,True_Neither:NA,True_Misconception:Shorter_is_bigger
6715,True_Neither:NA,True_Correct:NA,True_Misconception:Mult
6219,True_Correct:NA,True_Neither:NA,True_Misconception:Mult
28083,False_Neither:NA,False_Misconception:Subtraction,True_Misconception:Division
20408,True_Neither:NA,True_Correct:NA,True_Misconception:Shorter_is_bigger
14552,True_Correct:NA,True_Neither:NA,True_Misconception:SwapDividend
10656,True_Correct:NA,True_Neither:NA,True_Misconception:WNB
18464,False_Misconception:Duplication,False_Neither:NA,False_Misconception:Inversion
20967,True_Correct:NA,True_Neither:NA,True_Misconception:Incomplete
7600,False_Misconception:Mult,False_Neither:NA,False_Misconception:SwapDividend
11483,False_Misconception:Additive,False_Neither:NA,True_Misconception:Additive
34821,False_Misconception:Firstterm,False_Neither:NA,False_Misconception:Irrelevant
9426,True_Neither:NA,True_Correct:NA,False_Neither:NA
16200,False_Neither:NA,False_Misconception:Adding_terms,False_Correct:NA
1703,True_Correct:NA,True_Neither:NA,True_Misconception:Incomplete
12981,True_Misconception:Irrelevant,True_Neither:NA,True_Correct:NA
19952,False_Neither:NA,False_Misconception:Whole_numbers_larger,False_Misconception:Longer_is_bigger
4592,False_Misconception:Incomplete,False_Neither:NA,False_Correct:NA
15530,True_Correct:NA,True_Neither:NA,True_Misconception:Mult
21769,True_Neither:NA,True_Correct:NA,False_Misconception:Whole_numbers_larger
13610,True_Correct:NA,True_Neither:NA,True_Misconception:Irrelevant
10544,True_Correct:NA,True_Neither:NA,False_Correct:NA
27879,False_Misconception:Subtraction,False_Neither:NA,False_Misconception:Division
23222,False_Misconception:Wrong_fraction,False_Neither:NA,True_Misconception:Wrong_fraction
33492,True_Correct:NA,True_Neither:NA,True_Misconception:Wrong_term
25100,True_Neither:NA,True_Correct:NA,False_Neither:NA
18441,False_Misconception:Inversion,False_Neither:NA,False_Correct:NA
17217,True_Correct:NA,True_Neither:NA,True_Misconception:WNB
4775,False_Neither:NA,False_Misconception:Incomplete,False_Misconception:WNB
32099,False_Neither:NA,False_Misconception:Positive,False_Misconception:Tacking
3601,False_Misconception:Incomplete,False_Neither:NA,False_Correct:NA
25437,False_Neither:NA,False_Misconception:Denominator-only_change,False_Misconception:Adding_across
5183,False_Neither:NA,False_Misconception:Mult,False_Misconception:SwapDividend
13120,True_Correct:NA,True_Neither:NA,True_Misconception:Irrelevant
27749,False_Misconception:Subtraction,False_Neither:NA,False_Correct:NA
36467,False_Neither:NA,False_Misconception:Certainty,False_Misconception:Scale
618,True_Neither:NA,True_Correct:NA,True_Misconception:Irrelevant
1758,True_Correct:NA,True_Neither:NA,True_Misconception:Incomplete
22842,True_Correct:NA,True_Neither:NA,True_Misconception:Wrong_fraction
6206,True_Correct:NA,True_Neither:NA,True_Misconception:Mult
32584,False_Misconception:Wrong_term,False_Neither:NA,False_Misconception:Adding_terms
3916,False_Misconception:Incomplete,False_Neither:NA,False_Correct:NA
9279,True_Correct:NA,True_Neither:NA,True_Misconception:Division
10840,False_Neither:NA,False_Misconception:Irrelevant,False_Misconception:Incomplete
7080,True_Correct:NA,True_Neither:NA,True_Misconception:SwapDividend
11903,False_Misconception:Additive,True_Misconception:Additive,False_Neither:NA
24731,True_Correct:NA,True_Neither:NA,True_Misconception:Mult
22212,True_Correct:NA,True_Neither:NA,True_Misconception:Wrong_fraction
22518,True_Correct:NA,True_Neither:NA,True_Misconception:Wrong_fraction
19020,False_Misconception:Duplication,False_Neither:NA,False_Correct:NA
28770,True_Correct:NA,True_Neither:NA,True_Misconception:Duplication
251,True_Correct:NA,True_Neither:NA,True_Misconception:Incomplete
17403,True_Correct:NA,True_Neither:NA,True_Misconception:Duplication
31956,False_Misconception:Positive,False_Neither:NA,False_Correct:NA
8687,False_Neither:NA,False_Misconception:Irrelevant,False_Misconception:Wrong_Fraction
28882,True_Neither:NA,True_Correct:NA,False_Neither:NA
8354,False_Misconception:Wrong_Fraction,False_Neither:NA,False_Correct:NA
7881,False_Neither:NA,False_Misconception:Mult,False_Correct:NA
6562,True_Correct:NA,True_Neither:NA,True_Misconception:Mult
33571,True_Correct:NA,True_Neither:NA,True_Misconception:Irrelevant
23656,True_Correct:NA,True_Neither:NA,True_Misconception:Incorrect_equivalent_fraction_addition
21450,True_Correct:NA,True_Neither:NA,True_Misconception:Incomplete
8285,False_Neither:NA,False_Misconception:Wrong_Fraction,False_Correct:NA
17445,True_Neither:NA,True_Misconception:Additive,False_Neither:NA
1575,True_Neither:NA,True_Correct:NA,True_Misconception:Inversion
26322,False_Neither:NA,False_Misconception:Adding_across,False_Correct:NA
27310,False_Misconception:Subtraction,False_Neither:NA,False_Misconception:Division
17873,True_Correct:NA,True_Neither:NA,True_Misconception:Inversion
21714,True_Correct:NA,True_Neither:NA,True_Misconception:Shorter_is_bigger
21453,True_Neither:NA,True_Correct:NA,True_Misconception:Additive
10628,True_Correct:NA,True_Neither:NA,True_Misconception:SwapDividend
30293,True_Correct:NA,True_Neither:NA,True_Misconception:Wrong_term
35740,True_Correct:NA,True_Neither:NA,True_Misconception:Incomplete
3451,False_Misconception:Incomplete,False_Neither:NA,False_Correct:NA
27616,False_Neither:NA,False_Misconception:Subtraction,False_Correct:NA
22235,True_Correct:NA,True_Neither:NA,True_Misconception:Wrong_fraction
22404,True_Correct:NA,True_Neither:NA,True_Misconception:Wrong_fraction
33368,True_Correct:NA,True_Neither:NA,True_Misconception:Wrong_term
19294,False_Neither:NA,False_Misconception:Inversion,False_Misconception:Wrong_term
11973,False_Misconception:Additive,False_Neither:NA,True_Misconception:Additive
4949,False_Misconception:Mult,False_Misconception:SwapDividend,False_Neither:NA
8487,False_Misconception:Wrong_Fraction,False_Neither:NA,False_Correct:NA
28858,True_Correct:NA,True_Neither:NA,True_Misconception:Mult
30808,True_Neither:NA,True_Correct:NA,True_Misconception:Tacking
15205,True_Correct:NA,True_Neither:NA,True_Misconception:SwapDividend
3986,False_Misconception:Incomplete,False_Neither:NA,False_Correct:NA
31757,False_Misconception:Positive,False_Neither:NA,False_Correct:NA
1227,True_Correct:NA,True_Neither:NA,True_Misconception:Incomplete
32845,False_Misconception:Wrong_term,False_Neither:NA,False_Correct:NA
13420,True_Correct:NA,True_Neither:NA,True_Misconception:Irrelevant
19682,False_Misconception:Whole_numbers_larger,False_Neither:NA,False_Misconception:Shorter_is_bigger
36660,False_Neither:NA,False_Misconception:Positive,False_Misconception:FlipChange
31426,True_Correct:NA,True_Neither:NA,True_Misconception:Positive
35782,True_Correct:NA,True_Neither:NA,True_Misconception:SwapDividend
20042,False_Misconception:Whole_numbers_larger,False_Neither:NA,False_Misconception:Shorter_is_bigger
734,True_Neither:NA,True_Correct:NA,True_Misconception:WNB
27372,False_Misconception:Subtraction,False_Neither:NA,False_Correct:NA
34763,False_Misconception:Firstterm,False_Neither:NA,True_Misconception:Firstterm
2308,True_Correct:NA,True_Neither:NA,True_Misconception:Incomplete
5148,False_Misconception:Mult,False_Neither:NA,False_Misconception:SwapDividend
16602,True_Neither:NA,True_Correct:NA,True_Misconception:Duplication
20831,True_Correct:NA,True_Neither:NA,True_Misconception:Inversion
23496,False_Misconception:Wrong_fraction,False_Neither:NA,False_Correct:NA
4543,False_Misconception:Incomplete,False_Neither:NA,False_Correct:NA
3732,False_Misconception:Incomplete,False_Neither:NA,False_Correct:NA
30357,True_Neither:NA,True_Correct:NA,True_Misconception:Tacking
25622,False_Misconception:Denominator-only_change,False_Neither:NA,False_Misconception:Adding_across
5085,False_Misconception:SwapDividend,False_Neither:NA,False_Misconception:FlipChange
36134,True_Neither:NA,True_Correct:NA,True_Misconception:Inversion
35862,True_Correct:NA,True_Neither:NA,True_Misconception:SwapDividend
21289,True_Correct:NA,True_Neither:NA,True_Misconception:Shorter_is_bigger
28998,True_Neither:NA,True_Correct:NA,True_Misconception:Definition
19314,False_Misconception:Inversion,False_Neither:NA,False_Misconception:Wrong_Operation
20899,True_Neither:NA,True_Correct:NA,True_Misconception:Shorter_is_bigger
4322,False_Neither:NA,False_Misconception:Incomplete,False_Misconception:Longer_is_bigger
7100,True_Correct:NA,True_Neither:NA,True_Misconception:Mult
5610,True_Correct:NA,True_Neither:NA,True_Misconception:Mult
32740,False_Misconception:Wrong_term,False_Neither:NA,False_Correct:NA
8293,False_Correct:NA,False_Neither:NA,False_Misconception:Wrong_Fraction
12347,False_Misconception:Additive,False_Neither:NA,True_Misconception:Additive
18172,True_Correct:NA,True_Neither:NA,True_Misconception:Mult
31040,True_Neither:NA,True_Misconception:Tacking,True_Correct:NA
29582,False_Misconception:Tacking,False_Neither:NA,False_Misconception:Positive
9674,True_Correct:NA,True_Neither:NA,True_Misconception:SwapDividend
29151,False_Neither:NA,False_Misconception:Unknowable,False_Misconception:Longer_is_bigger
5038,False_Misconception:SwapDividend,False_Misconception:FlipChange,False_Neither:NA
33771,True_Neither:NA,True_Correct:NA,True_Misconception:Wrong_term
13916,True_Neither:NA,True_Correct:NA,True_Misconception:Additive
9440,True_Correct:NA,True_Neither:NA,True_Misconception:SwapDividend
24350,True_Neither:NA,True_Correct:NA,True_Misconception:Denominator-only_change
23506,False_Misconception:Wrong_fraction,False_Neither:NA,False_Correct:NA
2744,False_Misconception:WNB,False_Neither:NA,False_Misconception:Incomplete
14944,True_Correct:NA,True_Neither:NA,True_Misconception:Mult
20845,True_Correct:NA,True_Neither:NA,True_Misconception:Shorter_is_bigger
831,True_Correct:NA,True_Neither:NA,True_Misconception:Incomplete
21361,True_Correct:NA,True_Neither:NA,True_Misconception:Incorrect_equivalent_fraction_addition
4699,False_Misconception:Incomplete,False_Neither:NA,False_Correct:NA
116,True_Correct:NA,True_Neither:NA,True_Misconception:Incomplete
17247,True_Correct:NA,True_Neither:NA,True_Misconception:Mult
20801,True_Correct:NA,True_Neither:NA,True_Misconception:Incomplete
27189,False_Neither:NA,False_Misconception:Subtraction,False_Correct:NA
35378,True_Neither:NA,True_Correct:NA,True_Misconception:Inversion
4032,False_Misconception:Incomplete,False_Neither:NA,False_Misconception:WNB
21524,True_Neither:NA,True_Correct:NA,True_Misconception:Shorter_is_bigger
20703,True_Correct:NA,True_Neither:NA,True_Misconception:Duplication
5921,True_Correct:NA,True_Neither:NA,True_Misconception:SwapDividend
17680,True_Correct:NA,True_Neither:NA,True_Misconception:Duplication
1395,True_Correct:NA,True_Neither:NA,True_Misconception:Incomplete
33902,True_Correct:NA,True_Neither:NA,True_Misconception:Wrong_term
758,True_Correct:NA,True_Neither:NA,True_Misconception:Incomplete
17122,True_Correct:NA,True_Neither:NA,True_Misconception:Incomplete
18208,False_Neither:NA,False_Misconception:Inversion,False_Misconception:Wrong_Operation
8586,False_Misconception:Wrong_Fraction,False_Neither:NA,False_Correct:NA
2437,False_Neither:NA,False_Misconception:WNB,False_Misconception:Incomplete
1483,True_Correct:NA,True_Neither:NA,True_Misconception:Incomplete
31864,False_Misconception:Positive,False_Neither:NA,False_Correct:NA
5186,False_Misconception:SwapDividend,False_Misconception:Mult,False_Neither:NA
18462,False_Neither:NA,False_Misconception:Duplication,False_Correct:NA
17789,True_Correct:NA,True_Neither:NA,True_Misconception:Duplication
5346,False_Misconception:Mult,False_Neither:NA,False_Misconception:SwapDividend
21538,True_Correct:NA,True_Neither:NA,True_Misconception:Incorrect_equivalent_fraction_addition
6876,True_Neither:NA,True_Correct:NA,False_Neither:NA
8116,False_Neither:NA,False_Misconception:Incomplete,False_Misconception:Irrelevant
24199,True_Correct:NA,True_Neither:NA,True_Misconception:SwapDividend
21454,True_Neither:NA,True_Correct:NA,True_Misconception:Inversion
25882,False_Neither:NA,False_Misconception:Denominator-only_change,False_Misconception:Inversion
16317,False_Misconception:Not_variable,False_Neither:NA,False_Misconception:Adding_terms
15117,True_Correct:NA,True_Neither:NA,True_Misconception:SwapDividend
6969,True_Correct:NA,True_Neither:NA,True_Misconception:Mult
34352,True_Neither:NA,True_Correct:NA,True_Misconception:Wrong_term
6195,True_Neither:NA,True_Correct:NA,True_Misconception:SwapDividend
5687,True_Correct:NA,True_Neither:NA,True_Misconception:SwapDividend
3803,False_Misconception:Incomplete,False_Neither:NA,False_Correct:NA
12035,False_Misconception:Additive,False_Neither:NA,False_Misconception:Irrelevant
7964,False_Neither:NA,False_Misconception:Division,False_Misconception:SwapDividend
6502,True_Correct:NA,True_Neither:NA,True_Misconception:Mult
31435,True_Correct:NA,True_Neither:NA,True_Misconception:Tacking
25010,True_Neither:NA,True_Correct:NA,True_Misconception:Denominator-only_change
25528,False_Misconception:Denominator-only_change,False_Misconception:Adding_across,False_Neither:NA
1182,True_Correct:NA,True_Neither:NA,True_Misconception:Incomplete
32294,False_Neither:NA,False_Misconception:Longer_is_bigger,False_Misconception:Incomplete
34202,True_Correct:NA,True_Neither:NA,True_Misconception:Incomplete
217,True_Correct:NA,True_Neither:NA,True_Misconception:Incomplete
26280,False_Misconception:Adding_across,False_Neither:NA,False_Misconception:Denominator-only_change
21365,True_Correct:NA,True_Neither:NA,True_Misconception:Inversion
2496,False_Neither:NA,False_Misconception:WNB,False_Misconception:Incomplete
22695,True_Correct:NA,True_Neither:NA,True_Misconception:Wrong_fraction
5371,False_Neither:NA,False_Misconception:Mult,False_Misconception:Certainty
24850,True_Neither:NA,True_Correct:NA,True_Misconception:Additive
9642,True_Correct:NA,True_Neither:NA,True_Misconception:Division
32274,False_Misconception:Positive,False_Neither:NA,False_Misconception:Tacking
32384,False_Neither:NA,False_Misconception:Wrong_term,False_Misconception:Adding_terms
13623,True_Correct:NA,True_Neither:NA,True_Misconception:Irrelevant
20721,True_Correct:NA,True_Neither:NA,True_Misconception:Incomplete
11925,False_Misconception:Additive,False_Neither:NA,True_Misconception:Additive
36319,False_Neither:NA,False_Misconception:Scale,False_Correct:NA
21848,True_Correct:NA,True_Neither:NA,True_Misconception:Shorter_is_bigger
943,True_Correct:NA,True_Neither:NA,True_Misconception:Incomplete
27288,False_Neither:NA,False_Misconception:Subtraction,False_Misconception:Additive
25063,True_Neither:NA,True_Correct:NA,True_Misconception:Additive
24308,True_Neither:NA,True_Correct:NA,True_Misconception:Additive
24182,True_Correct:NA,True_Neither:NA,True_Misconception:Incorrect_equivalent_fraction_addition
19165,False_Misconception:Inversion,False_Neither:NA,False_Correct:NA
21210,True_Correct:NA,True_Neither:NA,True_Misconception:Mult
22685,True_Correct:NA,True_Neither:NA,True_Misconception:WNB
7594,False_Misconception:SwapDividend,False_Misconception:FlipChange,False_Neither:NA
8193,False_Correct:NA,False_Neither:NA,False_Misconception:Wrong_Fraction
34241,True_Correct:NA,True_Neither:NA,True_Misconception:Wrong_term
20979,True_Correct:NA,True_Neither:NA,True_Misconception:Inversion
9606,True_Correct:NA,True_Neither:NA,True_Misconception:Division
13832,True_Correct:NA,True_Neither:NA,True_Misconception:Irrelevant
31002,True_Neither:NA,True_Correct:NA,True_Misconception:Tacking
12129,False_Neither:NA,False_Misconception:Additive,False_Misconception:WNB
13643,True_Correct:NA,True_Neither:NA,True_Misconception:Irrelevant
36581,False_Neither:NA,False_Misconception:Certainty,False_Misconception:Scale
19592,False_Misconception:Inversion,False_Neither:NA,False_Correct:NA
26674,True_Neither:NA,True_Misconception:Division,True_Correct:NA
28999,True_Neither:NA,True_Correct:NA,True_Misconception:Additive
6946,True_Neither:NA,True_Correct:NA,True_Misconception:SwapDividend
31813,False_Misconception:Positive,False_Neither:NA,False_Misconception:Tacking
21235,True_Correct:NA,True_Neither:NA,True_Misconception:Shorter_is_bigger
22573,True_Correct:NA,True_Neither:NA,True_Misconception:Division
19536,False_Misconception:Duplication,False_Neither:NA,False_Misconception:Inversion
16922,True_Correct:NA,True_Neither:NA,True_Misconception:Division
13905,True_Correct:NA,True_Neither:NA,True_Misconception:Irrelevant
20582,True_Correct:NA,True_Neither:NA,True_Misconception:Shorter_is_bigger
29847,False_Misconception:Tacking,False_Neither:NA,True_Misconception:Tacking
33540,True_Correct:NA,True_Neither:NA,True_Misconception:Wrong_term
17447,True_Neither:NA,True_Correct:NA,True_Misconception:Inversion
22442,True_Correct:NA,True_Neither:NA,False_Neither:NA
2323,True_Correct:NA,True_Neither:NA,True_Misconception:Incomplete
14741,True_Correct:NA,True_Neither:NA,True_Misconception:Mult
17035,True_Correct:NA,True_Neither:NA,True_Misconception:Duplication
24043,True_Correct:NA,True_Neither:NA,True_Misconception:Incorrect_equivalent_fraction_addition
11617,False_Misconception:Additive,True_Misconception:Additive,False_Neither:NA
17452,True_Correct:NA,True_Neither:NA,True_Misconception:Duplication
10944,False_Neither:NA,False_Misconception:Irrelevant,False_Misconception:Longer_is_bigger
17399,True_Correct:NA,True_Neither:NA,True_Misconception:Mult
16641,True_Correct:NA,True_Neither:NA,True_Misconception:Duplication
23542,False_Misconception:Wrong_fraction,False_Neither:NA,True_Misconception:Wrong_fraction
22876,True_Correct:NA,True_Neither:NA,True_Misconception:Wrong_fraction
14763,True_Correct:NA,True_Neither:NA,True_Misconception:SwapDividend
21819,True_Neither:NA,True_Correct:NA,False_Misconception:Whole_numbers_larger
29767,False_Neither:NA,False_Misconception:Tacking,False_Misconception:Positive
33349,True_Correct:NA,True_Neither:NA,True_Misconception:Firstterm
9400,True_Correct:NA,True_Neither:NA,True_Misconception:Incomplete
9353,True_Correct:NA,True_Neither:NA,True_Misconception:SwapDividend
2300,True_Neither:NA,True_Correct:NA,True_Misconception:WNB
35563,False_Misconception:Multiplying_by_4,False_Neither:NA,False_Misconception:Base_rate
24221,True_Neither:NA,True_Correct:NA,True_Misconception:Inversion
26877,True_Correct:NA,True_Neither:NA,True_Misconception:Incomplete
15135,True_Neither:NA,True_Correct:NA,True_Misconception:FlipChange
31211,True_Neither:NA,True_Correct:NA,True_Misconception:Additive
21077,True_Neither:NA,True_Correct:NA,True_Misconception:Additive
11813,False_Misconception:Additive,False_Neither:NA,True_Misconception:Additive
29775,False_Neither:NA,False_Misconception:Positive,False_Misconception:Tacking
35235,True_Correct:NA,True_Neither:NA,True_Misconception:SwapDividend
19048,False_Misconception:Duplication,False_Neither:NA,False_Misconception:Inversion
19673,False_Misconception:Inversion,False_Neither:NA,False_Misconception:Duplication
22623,True_Correct:NA,True_Neither:NA,True_Misconception:Wrong_fraction
36539,False_Neither:NA,False_Misconception:Certainty,False_Misconception:Scale
13592,True_Correct:NA,True_Neither:NA,True_Misconception:Mult
8825,False_Neither:NA,False_Misconception:Irrelevant,False_Correct:NA
14208,True_Correct:NA,True_Neither:NA,True_Misconception:Additive
1962,True_Correct:NA,True_Neither:NA,True_Misconception:Incomplete
26912,True_Neither:NA,True_Correct:NA,True_Misconception:Division
24267,True_Neither:NA,True_Correct:NA,True_Misconception:Denominator-only_change
14463,True_Correct:NA,True_Neither:NA,True_Misconception:SwapDividend
13997,True_Correct:NA,True_Neither:NA,True_Misconception:Mult
28539,True_Correct:NA,True_Neither:NA,True_Misconception:Mult
19419,False_Misconception:Inversion,False_Neither:NA,False_Misconception:Duplication
2034,True_Neither:NA,True_Correct:NA,True_Misconception:Mult
30337,True_Correct:NA,True_Neither:NA,True_Misconception:Positive
15306,True_Correct:NA,True_Neither:NA,True_Misconception:SwapDividend
16054,True_Correct:NA,True_Neither:NA,True_Misconception:SwapDividend
17707,True_Correct:NA,True_Neither:NA,True_Misconception:Inversion
19857,False_Misconception:Whole_numbers_larger,False_Neither:NA,False_Misconception:Shorter_is_bigger
16551,False_Correct:NA,False_Neither:NA,False_Misconception:Inverse_operation
9793,True_Correct:NA,True_Neither:NA,True_Misconception:SwapDividend
13267,True_Correct:NA,True_Neither:NA,True_Misconception:Irrelevant
26944,True_Neither:NA,True_Correct:NA,True_Misconception:Division
11420,False_Misconception:Additive,False_Neither:NA,False_Misconception:Irrelevant
25733,False_Neither:NA,False_Misconception:Denominator-only_change,False_Misconception:Inversion
3954,False_Misconception:Incomplete,False_Neither:NA,False_Correct:NA
21016,True_Neither:NA,True_Misconception:Shorter_is_bigger,True_Correct:NA
22667,True_Correct:NA,True_Neither:NA,True_Misconception:Wrong_fraction
5893,True_Correct:NA,True_Neither:NA,True_Misconception:SwapDividend
16807,True_Neither:NA,True_Correct:NA,True_Misconception:Inversion
2071,True_Neither:NA,True_Correct:NA,True_Misconception:Incomplete
14224,True_Correct:NA,True_Neither:NA,True_Misconception:FlipChange
13754,True_Correct:NA,True_Neither:NA,True_Misconception:Incomplete
32676,False_Misconception:Wrong_term,False_Neither:NA,False_Correct:NA
20496,True_Correct:NA,True_Neither:NA,True_Misconception:Inversion
23533,False_Neither:NA,False_Misconception:Incomplete,False_Misconception:Wrong_fraction
10436,True_Correct:NA,True_Neither:NA,True_Misconception:SwapDividend
1339,True_Correct:NA,True_Neither:NA,True_Misconception:Incomplete
35746,True_Correct:NA,True_Neither:NA,True_Misconception:Incomplete
23788,True_Neither:NA,True_Correct:NA,True_Misconception:Inversion
35396,True_Correct:NA,True_Neither:NA,True_Misconception:Multiplying_by_4
26975,True_Neither:NA,True_Correct:NA,True_Misconception:Division
29410,False_Neither:NA,False_Misconception:Positive,False_Misconception:Unknowable
23982,True_Neither:NA,True_Correct:NA,True_Misconception:Inversion
6926,True_Correct:NA,True_Neither:NA,True_Misconception:Division
8902,False_Neither:NA,False_Correct:NA,False_Misconception:Irrelevant
15507,True_Correct:NA,True_Neither:NA,True_Misconception:Mult
32313,False_Neither:NA,False_Misconception:Positive,False_Misconception:Tacking
19588,False_Misconception:Inversion,False_Neither:NA,False_Misconception:Duplication
30846,True_Correct:NA,True_Misconception:Positive,False_Misconception:Positive
26154,False_Misconception:Adding_across,False_Neither:NA,False_Misconception:Denominator-only_change
6492,True_Correct:NA,True_Neither:NA,True_Misconception:Mult
6580,True_Correct:NA,True_Neither:NA,True_Misconception:Mult
3378,False_Misconception:Incomplete,False_Neither:NA,False_Correct:NA
33853,True_Correct:NA,True_Neither:NA,True_Misconception:Wrong_term
12395,False_Misconception:Additive,False_Neither:NA,True_Misconception:Additive
28748,True_Correct:NA,True_Neither:NA,True_Misconception:WNB
14704,True_Correct:NA,True_Neither:NA,True_Misconception:SwapDividend
8612,False_Misconception:Wrong_Fraction,False_Neither:NA,False_Misconception:Inverse_operation
16735,True_Correct:NA,True_Neither:NA,True_Misconception:Duplication
5360,False_Misconception:Mult,False_Neither:NA,False_Misconception:SwapDividend
2207,True_Correct:NA,True_Neither:NA,True_Misconception:Incomplete
24508,True_Correct:NA,True_Neither:NA,True_Misconception:Denominator-only_change
196,True_Correct:NA,True_Neither:NA,True_Misconception:Incomplete
18267,False_Misconception:Duplication,False_Neither:NA,False_Correct:NA
36450,False_Neither:NA,False_Misconception:Scale,False_Misconception:Certainty
31803,False_Neither:NA,False_Misconception:Positive,False_Misconception:Tacking
27636,False_Misconception:Subtraction,False_Neither:NA,False_Misconception:Division
18087,True_Correct:NA,True_Neither:NA,True_Misconception:Duplication
13202,True_Correct:NA,True_Neither:NA,True_Misconception:Incomplete
25226,False_Neither:NA,False_Misconception:Longer_is_bigger,True_Neither:NA
10859,False_Misconception:Additive,False_Neither:NA,False_Misconception:Denominator-only_change
15281,True_Correct:NA,True_Neither:NA,True_Misconception:FlipChange
10665,True_Correct:NA,True_Neither:NA,True_Misconception:Wrong_fraction
32039,False_Misconception:Positive,False_Neither:NA,False_Misconception:Tacking
24066,True_Neither:NA,True_Correct:NA,True_Misconception:Denominator-only_change
8057,False_Neither:NA,False_Misconception:Irrelevant,False_Misconception:Incomplete
10012,True_Correct:NA,True_Neither:NA,True_Misconception:Division
14417,False_Neither:NA,False_Misconception:Additive,False_Misconception:WNB
36278,True_Correct:NA,True_Neither:NA,True_Misconception:Wrong_fraction
26959,True_Correct:NA,True_Neither:NA,True_Misconception:Wrong_term
19606,False_Misconception:Inversion,False_Neither:NA,False_Misconception:Duplication
8904,False_Neither:NA,False_Misconception:Irrelevant,False_Misconception:Incomplete
12267,False_Neither:NA,False_Correct:NA,False_Misconception:Additive
22635,True_Correct:NA,True_Neither:NA,True_Misconception:Wrong_fraction
2448,False_Neither:NA,False_Misconception:Incomplete,False_Misconception:WNB
30043,False_Neither:NA,False_Misconception:Tacking,False_Misconception:Shorter_is_bigger
33412,True_Correct:NA,True_Neither:NA,True_Misconception:Wrong_term
27275,False_Misconception:Subtraction,False_Neither:NA,False_Correct:NA
34750,False_Neither:NA,False_Misconception:Wrong_term,False_Misconception:Firstterm
3488,False_Misconception:Incomplete,False_Neither:NA,False_Correct:NA
457,True_Neither:NA,True_Correct:NA,True_Misconception:Division
12277,False_Misconception:Additive,True_Misconception:Additive,False_Neither:NA
17956,True_Correct:NA,True_Neither:NA,True_Misconception:Duplication
17364,True_Correct:NA,True_Neither:NA,True_Misconception:Inversion
3578,False_Misconception:Incomplete,False_Neither:NA,False_Correct:NA
585,True_Correct:NA,True_Neither:NA,True_Misconception:Mult
15097,True_Correct:NA,True_Neither:NA,True_Misconception:Duplication
6514,True_Correct:NA,True_Neither:NA,True_Misconception:Mult
6164,True_Correct:NA,True_Neither:NA,True_Misconception:Mult
13424,True_Correct:NA,True_Neither:NA,True_Misconception:Mult
31162,True_Correct:NA,True_Neither:NA,True_Misconception:Wrong_fraction
12774,True_Correct:NA,True_Neither:NA,True_Misconception:Mult
33332,True_Correct:NA,True_Neither:NA,True_Misconception:Wrong_term
29458,False_Neither:NA,False_Misconception:Tacking,False_Misconception:Scale
4199,False_Neither:NA,False_Misconception:Incomplete,False_Misconception:Irrelevant
32064,False_Misconception:Positive,False_Neither:NA,False_Correct:NA
16451,False_Misconception:Not_variable,False_Neither:NA,False_Misconception:Adding_terms
19036,False_Neither:NA,False_Misconception:Duplication,False_Correct:NA
20218,False_Misconception:Longer_is_bigger,False_Neither:NA,False_Misconception:Ignores_zeroes
3337,False_Neither:NA,False_Misconception:Incomplete,False_Misconception:WNB
20680,True_Correct:NA,True_Neither:NA,True_Misconception:SwapDividend
5777,True_Correct:NA,True_Neither:NA,True_Misconception:Mult
26437,True_Correct:NA,True_Neither:NA,True_Misconception:Division
32356,False_Neither:NA,False_Misconception:Positive,False_Misconception:Tacking
2299,True_Correct:NA,True_Neither:NA,True_Misconception:Incomplete
31581,False_Misconception:Positive,False_Neither:NA,False_Misconception:Tacking
34653,True_Correct:NA,True_Neither:NA,True_Misconception:Wrong_term
23359,False_Misconception:Wrong_fraction,True_Misconception:Wrong_fraction,False_Neither:NA
8969,False_Neither:NA,False_Misconception:Irrelevant,False_Correct:NA
3416,False_Misconception:Incomplete,False_Neither:NA,False_Correct:NA
861,True_Correct:NA,True_Neither:NA,True_Misconception:Incomplete
34705,True_Neither:NA,True_Correct:NA,True_Misconception:Wrong_term
8363,False_Neither:NA,False_Misconception:Wrong_Fraction,False_Misconception:Incomplete
22646,True_Correct:NA,True_Neither:NA,True_Misconception:Wrong_fraction
29103,False_Misconception:Definition,False_Neither:NA,False_Misconception:Interior
6481,False_Misconception:SwapDividend,True_Neither:NA,True_Misconception:SwapDividend
25238,False_Neither:NA,True_Neither:NA,False_Misconception:Certainty
3211,False_Misconception:Incomplete,False_Neither:NA,False_Misconception:WNB
21958,True_Correct:NA,True_Neither:NA,True_Misconception:Incomplete
29242,False_Neither:NA,False_Misconception:Unknowable,False_Misconception:Interior
34484,True_Correct:NA,True_Neither:NA,True_Misconception:Wrong_term
24360,True_Correct:NA,True_Neither:NA,True_Misconception:Inversion
13052,True_Correct:NA,True_Neither:NA,True_Misconception:SwapDividend
1448,True_Correct:NA,True_Neither:NA,True_Misconception:Incomplete
9946,True_Correct:NA,True_Neither:NA,True_Misconception:Incomplete
33874,True_Correct:NA,True_Neither:NA,True_Misconception:Wrong_term
25393,False_Misconception:Denominator-only_change,False_Neither:NA,False_Misconception:Adding_across
4152,False_Misconception:Incomplete,False_Neither:NA,False_Misconception:WNB
4285,False_Misconception:Incomplete,False_Neither:NA,False_Misconception:WNB
1377,True_Neither:NA,True_Correct:NA,False_Neither:NA
8729,False_Neither:NA,False_Misconception:Incomplete,False_Misconception:Irrelevant
7922,False_Misconception:SwapDividend,False_Neither:NA,False_Misconception:Mult
6872,True_Correct:NA,True_Neither:NA,True_Misconception:SwapDividend
23264,False_Misconception:Wrong_fraction,False_Neither:NA,True_Misconception:Wrong_fraction
29423,False_Neither:NA,False_Misconception:Unknowable,False_Misconception:Positive
18707,False_Misconception:Duplication,False_Neither:NA,False_Misconception:Inversion
20272,False_Neither:NA,False_Misconception:Scale,False_Misconception:Ignores_zeroes
24898,True_Correct:NA,True_Neither:NA,True_Misconception:Denominator-only_change
19688,False_Misconception:Whole_numbers_larger,False_Neither:NA,False_Misconception:Shorter_is_bigger
14573,True_Correct:NA,True_Neither:NA,True_Misconception:SwapDividend
19821,False_Misconception:Whole_numbers_larger,False_Neither:NA,False_Misconception:Shorter_is_bigger
32731,False_Misconception:Wrong_term,False_Neither:NA,False_Correct:NA
13655,True_Neither:NA,True_Correct:NA,True_Misconception:Irrelevant
8350,False_Misconception:Wrong_Fraction,False_Neither:NA,False_Correct:NA
34211,True_Neither:NA,True_Correct:NA,False_Neither:NA
26825,True_Neither:NA,True_Correct:NA,True_Misconception:Division
15727,True_Correct:NA,True_Neither:NA,True_Misconception:SwapDividend
10593,True_Correct:NA,True_Neither:NA,True_Misconception:Wrong_fraction
30123,True_Neither:NA,True_Misconception:Tacking,True_Correct:NA
34760,False_Neither:NA,False_Misconception:Firstterm,False_Misconception:Unknowable
6328,True_Correct:NA,True_Neither:NA,True_Misconception:Mult
22850,True_Correct:NA,True_Neither:NA,True_Misconception:Wrong_fraction
27768,False_Misconception:Subtraction,False_Neither:NA,False_Misconception:Division
6379,True_Neither:NA,True_Correct:NA,True_Misconception:Mult
35540,False_Misconception:Multiplying_by_4,False_Neither:NA,False_Misconception:Base_rate
14476,True_Correct:NA,True_Neither:NA,True_Misconception:Mult
3396,False_Misconception:Incomplete,False_Neither:NA,False_Correct:NA
12784,True_Correct:NA,True_Neither:NA,True_Misconception:Irrelevant
13614,True_Correct:NA,True_Neither:NA,True_Misconception:Mult
13638,True_Correct:NA,True_Neither:NA,True_Misconception:Mult
15057,True_Correct:NA,True_Neither:NA,True_Misconception:Mult
24195,True_Correct:NA,True_Neither:NA,True_Misconception:Inversion
34253,True_Correct:NA,True_Neither:NA,True_Misconception:Incomplete
34496,True_Correct:NA,True_Neither:NA,True_Misconception:Wrong_term
7545,False_Misconception:SwapDividend,False_Neither:NA,False_Misconception:Mult
30836,True_Neither:NA,False_Neither:NA,True_Misconception:Additive
11699,False_Misconception:Additive,True_Misconception:Additive,False_Neither:NA
8889,False_Neither:NA,False_Misconception:Irrelevant,False_Misconception:Incomplete
22979,False_Neither:NA,False_Misconception:Incomplete,False_Misconception:Wrong_fraction
20769,True_Correct:NA,True_Neither:NA,True_Misconception:Incomplete
17268,True_Neither:NA,True_Correct:NA,True_Misconception:Duplication
28980,True_Correct:NA,True_Neither:NA,True_Misconception:WNB
14189,True_Correct:NA,True_Neither:NA,True_Misconception:Irrelevant
15803,True_Correct:NA,True_Neither:NA,True_Misconception:Mult
22329,True_Correct:NA,True_Neither:NA,True_Misconception:Wrong_fraction
33331,True_Correct:NA,True_Neither:NA,True_Misconception:Wrong_term
14478,True_Correct:NA,True_Neither:NA,True_Misconception:SwapDividend
35710,False_Misconception:Scale,False_Neither:NA,False_Misconception:Certainty
36475,False_Neither:NA,False_Misconception:Incomplete,False_Misconception:Longer_is_bigger
28261,False_Misconception:Unknowable,False_Neither:NA,False_Correct:NA
33076,False_Misconception:Wrong_term,False_Neither:NA,False_Correct:NA
15041,True_Correct:NA,True_Neither:NA,True_Misconception:SwapDividend
32578,False_Misconception:Wrong_term,False_Neither:NA,False_Correct:NA
19779,False_Misconception:Whole_numbers_larger,False_Neither:NA,False_Misconception:Shorter_is_bigger
4410,False_Misconception:Incomplete,False_Neither:NA,False_Correct:NA
26658,True_Correct:NA,True_Neither:NA,True_Misconception:Incomplete
34532,True_Correct:NA,True_Neither:NA,True_Misconception:Wrong_term
23846,True_Neither:NA,True_Correct:NA,False_Neither:NA
7592,False_Neither:NA,False_Misconception:Mult,True_Neither:NA
4107,False_Misconception:Incomplete,False_Misconception:WNB,False_Neither:NA
18985,False_Misconception:Duplication,False_Neither:NA,False_Misconception:Inversion
4040,False_Misconception:Incomplete,False_Neither:NA,False_Correct:NA
31307,True_Neither:NA,True_Correct:NA,True_Misconception:Tacking
24414,True_Correct:NA,True_Neither:NA,True_Misconception:Incorrect_equivalent_fraction_addition
35064,True_Neither:NA,True_Correct:NA,True_Misconception:Shorter_is_bigger
26757,True_Correct:NA,True_Neither:NA,True_Misconception:Incomplete
26618,True_Correct:NA,True_Neither:NA,True_Misconception:Mult
22860,True_Correct:NA,True_Neither:NA,True_Misconception:Wrong_fraction
9060,True_Correct:NA,True_Neither:NA,True_Misconception:SwapDividend
14006,True_Correct:NA,True_Neither:NA,True_Misconception:Mult
20610,True_Neither:NA,True_Correct:NA,True_Misconception:Firstterm
18159,True_Correct:NA,True_Neither:NA,True_Misconception:Duplication
22189,True_Correct:NA,True_Neither:NA,True_Misconception:Wrong_fraction
27941,False_Misconception:Subtraction,False_Neither:NA,False_Misconception:Division
2982,False_Neither:NA,False_Misconception:Incomplete,False_Correct:NA
1318,True_Correct:NA,True_Neither:NA,True_Misconception:Incomplete
15953,True_Correct:NA,True_Neither:NA,True_Misconception:SwapDividend
15665,True_Correct:NA,True_Neither:NA,True_Misconception:SwapDividend
2960,False_Neither:NA,False_Misconception:Incomplete,False_Misconception:Irrelevant
7745,False_Misconception:Mult,False_Neither:NA,False_Correct:NA
33299,True_Correct:NA,True_Neither:NA,True_Misconception:Wrong_term
10448,True_Correct:NA,True_Neither:NA,True_Misconception:Wrong_term
14237,True_Correct:NA,True_Neither:NA,True_Misconception:Duplication
20163,False_Neither:NA,False_Misconception:Whole_numbers_larger,False_Misconception:Longer_is_bigger
20658,True_Correct:NA,True_Neither:NA,True_Misconception:Mult
19940,False_Misconception:Whole_numbers_larger,False_Neither:NA,False_Misconception:Irrelevant
14370,False_Neither:NA,False_Misconception:WNB,False_Misconception:Additive
25249,False_Neither:NA,False_Misconception:Denominator-only_change,False_Misconception:Incorrect_equivalent_fraction_addition
28267,False_Misconception:Unknowable,False_Neither:NA,False_Misconception:Certainty
34955,False_Misconception:Firstterm,False_Neither:NA,False_Misconception:WNB
7725,False_Neither:NA,False_Misconception:Mult,False_Misconception:Additive
32144,False_Neither:NA,False_Misconception:Positive,False_Misconception:Incomplete
18479,False_Neither:NA,False_Misconception:Duplication,False_Misconception:Inversion
21284,True_Neither:NA,True_Correct:NA,True_Misconception:SwapDividend
20206,False_Neither:NA,False_Misconception:Longer_is_bigger,False_Misconception:Whole_numbers_larger
17893,True_Neither:NA,True_Correct:NA,False_Neither:NA
24788,True_Correct:NA,True_Neither:NA,True_Misconception:Mult
12234,False_Neither:NA,False_Misconception:Irrelevant,False_Misconception:Additive
9739,True_Correct:NA,True_Neither:NA,True_Misconception:Wrong_fraction
9535,True_Correct:NA,True_Neither:NA,True_Misconception:SwapDividend
3349,False_Neither:NA,False_Misconception:Incomplete,False_Correct:NA
10801,False_Misconception:Irrelevant,False_Neither:NA,True_Misconception:Irrelevant
33127,False_Misconception:Wrong_term,False_Neither:NA,False_Correct:NA
36577,False_Neither:NA,False_Misconception:Scale,False_Misconception:Certainty
17282,True_Correct:NA,True_Neither:NA,True_Misconception:Adding_across
31971,False_Misconception:Positive,False_Neither:NA,False_Correct:NA
34060,True_Correct:NA,True_Neither:NA,True_Misconception:Wrong_term
2791,False_Neither:NA,False_Misconception:Incomplete,False_Correct:NA
26192,False_Misconception:Adding_across,False_Neither:NA,False_Misconception:Denominator-only_change
17688,True_Correct:NA,True_Neither:NA,True_Misconception:Duplication
21656,True_Neither:NA,True_Correct:NA,True_Misconception:Additive
33221,True_Correct:NA,True_Neither:NA,True_Misconception:Wrong_term
24190,True_Neither:NA,True_Correct:NA,True_Misconception:Tacking
23757,True_Correct:NA,True_Neither:NA,True_Misconception:Incorrect_equivalent_fraction_addition
623,True_Correct:NA,True_Neither:NA,True_Misconception:Incomplete
14268,True_Correct:NA,True_Neither:NA,True_Misconception:Irrelevant
3585,False_Misconception:Incomplete,False_Neither:NA,False_Correct:NA
17895,True_Correct:NA,True_Neither:NA,True_Misconception:Inversion
21425,True_Correct:NA,True_Neither:NA,True_Misconception:Shorter_is_bigger
7794,False_Neither:NA,False_Misconception:Mult,False_Misconception:SwapDividend
12200,False_Neither:NA,False_Misconception:Additive,False_Misconception:Wrong_Fraction
20604,True_Correct:NA,True_Neither:NA,True_Misconception:Shorter_is_bigger
6814,True_Correct:NA,True_Neither:NA,True_Misconception:Mult
2772,False_Neither:NA,False_Misconception:Unknowable,False_Misconception:Positive
36549,False_Neither:NA,False_Misconception:Scale,False_Misconception:Certainty
2635,False_Misconception:WNB,False_Neither:NA,False_Misconception:Incomplete
1296,True_Correct:NA,True_Neither:NA,True_Misconception:Incomplete
17344,True_Correct:NA,True_Neither:NA,True_Misconception:Inversion
2943,False_Misconception:Incomplete,False_Neither:NA,False_Correct:NA
32036,False_Misconception:Positive,False_Neither:NA,True_Misconception:Positive
23626,True_Correct:NA,True_Neither:NA,True_Misconception:Denominator-only_change
30295,True_Neither:NA,True_Correct:NA,True_Misconception:Tacking
7495,False_Misconception:SwapDividend,False_Misconception:Mult,False_Neither:NA
13185,True_Correct:NA,True_Neither:NA,True_Misconception:Incomplete
31591,False_Misconception:Positive,False_Neither:NA,False_Correct:NA
27891,False_Misconception:Subtraction,False_Neither:NA,False_Misconception:Division
34644,True_Correct:NA,True_Neither:NA,True_Misconception:Incorrect_equivalent_fraction_addition
20623,True_Neither:NA,True_Correct:NA,True_Misconception:Irrelevant
28491,False_Misconception:Unknowable,False_Neither:NA,False_Misconception:Interior
3893,False_Misconception:Incomplete,False_Neither:NA,False_Correct:NA
24211,True_Correct:NA,True_Neither:NA,True_Misconception:Denominator-only_change
4605,False_Misconception:Incomplete,False_Neither:NA,False_Correct:NA
6367,True_Correct:NA,True_Neither:NA,True_Misconception:Mult
11815,False_Misconception:Additive,False_Neither:NA,False_Misconception:Irrelevant
21393,True_Correct:NA,True_Neither:NA,True_Misconception:Shorter_is_bigger
6282,True_Correct:NA,True_Neither:NA,True_Misconception:Mult
15013,True_Correct:NA,True_Neither:NA,True_Misconception:Mult
12052,False_Misconception:Additive,True_Misconception:Additive,False_Neither:NA
8362,False_Neither:NA,False_Misconception:Irrelevant,False_Misconception:Certainty
18587,False_Misconception:Duplication,False_Neither:NA,False_Misconception:Inversion
12757,True_Correct:NA,True_Neither:NA,True_Misconception:Mult
19321,False_Misconception:Inversion,False_Neither:NA,False_Misconception:Duplication
29833,False_Neither:NA,False_Misconception:Longer_is_bigger,True_Neither:NA
36345,False_Misconception:Scale,False_Neither:NA,False_Correct:NA
26821,True_Correct:NA,True_Neither:NA,True_Misconception:Incomplete
8132,False_Misconception:Incomplete,False_Neither:NA,False_Misconception:Irrelevant
1240,True_Correct:NA,True_Neither:NA,True_Misconception:FlipChange
24875,True_Correct:NA,True_Neither:NA,True_Misconception:Denominator-only_change
13729,True_Correct:NA,True_Neither:NA,True_Misconception:Irrelevant
31141,True_Misconception:Tacking,True_Neither:NA,False_Misconception:Tacking
14395,False_Neither:NA,False_Misconception:WNB,False_Misconception:Additive
702,True_Correct:NA,True_Neither:NA,True_Misconception:Incomplete
25635,False_Neither:NA,False_Misconception:Certainty,False_Misconception:Incomplete
4034,False_Misconception:Incomplete,False_Neither:NA,False_Correct:NA
31330,True_Correct:NA,True_Neither:NA,True_Misconception:Tacking
19228,False_Neither:NA,False_Misconception:Inversion,False_Misconception:Subtraction
16856,True_Correct:NA,True_Neither:NA,True_Misconception:Inversion
21651,True_Correct:NA,True_Neither:NA,True_Misconception:Incorrect_equivalent_fraction_addition
16707,True_Correct:NA,True_Neither:NA,True_Misconception:Duplication
22049,True_Correct:NA,True_Neither:NA,True_Misconception:Wrong_fraction
30772,True_Neither:NA,True_Correct:NA,True_Misconception:Tacking
36036,True_Correct:NA,True_Neither:NA,True_Misconception:Incomplete
36634,False_Neither:NA,False_Misconception:Incomplete,False_Misconception:Certainty
24547,True_Correct:NA,True_Neither:NA,True_Misconception:Incorrect_equivalent_fraction_addition
34093,True_Neither:NA,True_Correct:NA,True_Misconception:Tacking
35424,True_Neither:NA,True_Correct:NA,True_Misconception:Tacking
3929,False_Misconception:Incomplete,False_Neither:NA,False_Misconception:WNB
3168,False_Misconception:Incomplete,False_Neither:NA,False_Correct:NA
16869,True_Correct:NA,True_Neither:NA,True_Misconception:Duplication
3128,False_Neither:NA,False_Misconception:Incomplete,False_Correct:NA
3780,False_Neither:NA,False_Misconception:Incomplete,False_Misconception:Longer_is_bigger
377,True_Correct:NA,True_Neither:NA,True_Misconception:WNB
30419,True_Correct:NA,True_Neither:NA,True_Misconception:Wrong_fraction
5532,True_Correct:NA,True_Neither:NA,True_Misconception:SwapDividend
1298,True_Correct:NA,True_Neither:NA,True_Misconception:Incomplete
16095,True_Correct:NA,True_Neither:NA,False_Correct:NA
11011,False_Misconception:Irrelevant,False_Neither:NA,False_Correct:NA
10645,True_Neither:NA,True_Correct:NA,True_Misconception:WNB
32460,False_Neither:NA,False_Misconception:Firstterm,False_Correct:NA
18317,False_Misconception:Duplication,False_Neither:NA,False_Correct:NA
24284,True_Correct:NA,True_Neither:NA,True_Misconception:Inversion
20631,True_Correct:NA,True_Neither:NA,True_Misconception:Incorrect_equivalent_fraction_addition
29677,False_Neither:NA,False_Misconception:Whole_numbers_larger,False_Misconception:Longer_is_bigger
34679,True_Correct:NA,True_Neither:NA,True_Misconception:Wrong_term
34655,True_Correct:NA,True_Neither:NA,True_Misconception:Wrong_term
3265,False_Misconception:Incomplete,False_Neither:NA,False_Correct:NA
22478,True_Correct:NA,True_Neither:NA,True_Misconception:Wrong_fraction
12027,False_Misconception:Additive,False_Neither:NA,False_Misconception:Irrelevant
26677,True_Neither:NA,True_Correct:NA,False_Neither:NA
1034,True_Correct:NA,True_Neither:NA,True_Misconception:Denominator-only_change
33896,True_Neither:NA,True_Correct:NA,True_Misconception:Firstterm
34869,False_Misconception:Wrong_term,False_Neither:NA,False_Misconception:Firstterm
20364,True_Neither:NA,True_Correct:NA,True_Misconception:Shorter_is_bigger
25468,False_Neither:NA,False_Misconception:Not_variable,False_Misconception:Additive
35477,True_Correct:NA,True_Neither:NA,True_Misconception:Multiplying_by_4
28827,True_Neither:NA,True_Correct:NA,True_Misconception:Mult
18393,False_Misconception:Duplication,False_Neither:NA,False_Correct:NA
13466,True_Neither:NA,True_Correct:NA,True_Misconception:Additive
2001,True_Correct:NA,True_Neither:NA,True_Misconception:Incomplete
9298,True_Correct:NA,True_Neither:NA,True_Misconception:SwapDividend
27784,False_Misconception:Subtraction,False_Neither:NA,False_Misconception:Incomplete
22128,True_Correct:NA,True_Neither:NA,True_Misconception:Wrong_fraction
32701,False_Misconception:Wrong_term,False_Neither:NA,False_Misconception:Adding_terms
6095,True_Correct:NA,True_Neither:NA,True_Misconception:Mult
29209,False_Misconception:Definition,False_Neither:NA,False_Misconception:Firstterm
17265,True_Correct:NA,True_Neither:NA,True_Misconception:Inversion
22910,False_Correct:NA,False_Neither:NA,False_Misconception:Incomplete
35674,False_Misconception:Certainty,False_Neither:NA,False_Misconception:Scale
21436,True_Correct:NA,True_Neither:NA,True_Misconception:SwapDividend
20235,False_Neither:NA,False_Correct:NA,False_Misconception:Ignores_zeroes
3455,False_Misconception:Incomplete,False_Neither:NA,False_Correct:NA
6314,True_Correct:NA,True_Neither:NA,True_Misconception:Mult
7305,True_Correct:NA,True_Neither:NA,True_Misconception:Mult
23415,False_Misconception:Wrong_fraction,False_Neither:NA,True_Misconception:Wrong_fraction
1165,True_Correct:NA,True_Neither:NA,True_Misconception:Incomplete
344,True_Correct:NA,True_Neither:NA,True_Misconception:Incomplete
17460,True_Correct:NA,True_Neither:NA,True_Misconception:Inversion
35837,True_Correct:NA,True_Neither:NA,True_Misconception:Incomplete
12972,True_Correct:NA,True_Neither:NA,True_Misconception:Mult
14124,True_Neither:NA,True_Misconception:Additive,False_Neither:NA
18813,False_Neither:NA,False_Correct:NA,False_Misconception:Inversion
32029,False_Misconception:Positive,False_Neither:NA,False_Correct:NA
12619,True_Neither:NA,True_Correct:NA,True_Misconception:Irrelevant
139,True_Correct:NA,True_Neither:NA,True_Misconception:Incomplete
27674,False_Neither:NA,False_Misconception:Subtraction,False_Misconception:Division
20762,True_Neither:NA,True_Correct:NA,True_Misconception:Shorter_is_bigger
15361,True_Correct:NA,True_Neither:NA,True_Misconception:SwapDividend
11816,False_Neither:NA,False_Misconception:Additive,False_Misconception:Irrelevant
31669,False_Misconception:Positive,False_Neither:NA,True_Misconception:Positive
8986,True_Correct:NA,True_Neither:NA,True_Misconception:SwapDividend
6484,True_Neither:NA,True_Correct:NA,True_Misconception:SwapDividend
7201,True_Correct:NA,True_Neither:NA,True_Misconception:FlipChange
9016,True_Correct:NA,True_Neither:NA,True_Misconception:Wrong_term
6802,True_Correct:NA,True_Neither:NA,True_Misconception:Mult
18882,False_Misconception:Duplication,False_Neither:NA,False_Misconception:Wrong_Operation
14798,True_Correct:NA,True_Neither:NA,True_Misconception:SwapDividend
14950,True_Correct:NA,True_Neither:NA,True_Misconception:SwapDividend
32961,False_Neither:NA,False_Misconception:Firstterm,False_Misconception:Wrong_term
22723,True_Correct:NA,True_Neither:NA,True_Misconception:Wrong_fraction
33865,True_Neither:NA,True_Correct:NA,True_Misconception:Firstterm
17091,True_Correct:NA,True_Neither:NA,True_Misconception:Duplication
14872,True_Correct:NA,True_Neither:NA,True_Misconception:SwapDividend
6896,True_Correct:NA,True_Neither:NA,True_Misconception:Mult
4308,False_Misconception:Incomplete,False_Neither:NA,False_Correct:NA
25231,False_Neither:NA,False_Misconception:Incorrect_equivalent_fraction_addition,False_Correct:NA
5810,True_Neither:NA,True_Correct:NA,True_Misconception:SwapDividend
20709,True_Neither:NA,True_Correct:NA,True_Misconception:Mult
34286,True_Correct:NA,True_Neither:NA,True_Misconception:Wrong_term
24928,True_Correct:NA,True_Neither:NA,True_Misconception:Mult
35542,False_Misconception:Multiplying_by_4,False_Neither:NA,False_Misconception:Base_rate
30576,True_Neither:NA,True_Correct:NA,False_Neither:NA
34723,True_Neither:NA,True_Correct:NA,True_Misconception:Wrong_term
33762,True_Correct:NA,True_Neither:NA,True_Misconception:Wrong_term
20071,False_Misconception:Whole_numbers_larger,False_Neither:NA,False_Misconception:Shorter_is_bigger
1282,True_Correct:NA,True_Neither:NA,True_Misconception:Incomplete
18757,False_Neither:NA,False_Misconception:Longer_is_bigger,False_Misconception:Subtraction
32263,False_Misconception:Positive,False_Neither:NA,True_Misconception:Positive
23886,True_Neither:NA,True_Correct:NA,True_Misconception:Additive
1590,True_Correct:NA,True_Misconception:Incomplete,True_Neither:NA
17951,True_Correct:NA,True_Neither:NA,True_Misconception:Duplication
1794,True_Correct:NA,True_Neither:NA,True_Misconception:Incomplete
21872,True_Neither:NA,True_Correct:NA,True_Misconception:Irrelevant
6832,True_Correct:NA,True_Neither:NA,True_Misconception:Mult
7499,False_Neither:NA,False_Misconception:SwapDividend,False_Misconception:FlipChange
10835,False_Neither:NA,False_Misconception:Irrelevant,False_Correct:NA
30336,True_Neither:NA,True_Correct:NA,True_Misconception:Tacking
28632,True_Neither:NA,True_Correct:NA,True_Misconception:Irrelevant
29737,False_Misconception:Tacking,False_Neither:NA,False_Misconception:Positive
10354,True_Correct:NA,True_Neither:NA,True_Misconception:SwapDividend
24852,True_Neither:NA,True_Misconception:Additive,True_Correct:NA
13075,True_Correct:NA,True_Neither:NA,True_Misconception:Irrelevant
12228,False_Misconception:Additive,False_Neither:NA,False_Misconception:Irrelevant
7800,False_Neither:NA,False_Misconception:Mult,False_Misconception:SwapDividend
7984,False_Misconception:Incomplete,False_Neither:NA,False_Misconception:Adding_terms
24865,True_Neither:NA,True_Correct:NA,True_Misconception:SwapDividend
28093,False_Misconception:Subtraction,False_Neither:NA,False_Misconception:Additive
17082,True_Correct:NA,True_Neither:NA,True_Misconception:Duplication
10642,True_Correct:NA,True_Neither:NA,True_Misconception:SwapDividend
1846,True_Correct:NA,True_Neither:NA,True_Misconception:Incomplete
12514,False_Misconception:Additive,True_Misconception:Additive,False_Neither:NA
9413,True_Correct:NA,True_Neither:NA,True_Misconception:SwapDividend
2952,False_Misconception:WNB,False_Misconception:Incomplete,False_Neither:NA
27903,False_Misconception:Subtraction,False_Neither:NA,False_Correct:NA
31310,True_Neither:NA,True_Correct:NA,True_Misconception:Tacking
7801,False_Neither:NA,False_Misconception:Mult,False_Misconception:SwapDividend
13608,True_Neither:NA,True_Correct:NA,True_Misconception:Additive
26422,True_Correct:NA,True_Neither:NA,True_Misconception:Division
25294,False_Neither:NA,False_Misconception:Adding_across,False_Misconception:Denominator-only_change
15912,True_Correct:NA,True_Neither:NA,True_Misconception:SwapDividend
28524,False_Misconception:Unknowable,False_Neither:NA,False_Misconception:Subtraction
3242,False_Misconception:Incomplete,False_Neither:NA,False_Correct:NA
1736,True_Correct:NA,True_Neither:NA,True_Misconception:Incomplete
31972,False_Neither:NA,False_Misconception:Positive,False_Misconception:Tacking
119,True_Correct:NA,True_Misconception:Incomplete,True_Neither:NA
28641,True_Neither:NA,True_Correct:NA,True_Misconception:Division
36268,True_Correct:NA,True_Neither:NA,True_Misconception:Incomplete
3155,False_Misconception:Incomplete,False_Neither:NA,False_Correct:NA
10324,True_Correct:NA,True_Neither:NA,True_Misconception:Wrong_fraction
5553,True_Correct:NA,True_Neither:NA,True_Misconception:FlipChange
24707,True_Neither:NA,True_Correct:NA,False_Neither:NA
18457,False_Misconception:Duplication,False_Neither:NA,False_Correct:NA
3593,False_Misconception:Incomplete,False_Neither:NA,False_Correct:NA
20994,True_Correct:NA,True_Neither:NA,True_Misconception:Incomplete
32344,False_Misconception:Positive,False_Neither:NA,False_Correct:NA
11743,False_Misconception:Additive,False_Neither:NA,True_Misconception:Additive
18838,False_Misconception:Duplication,False_Neither:NA,True_Misconception:Duplication
29405,False_Neither:NA,False_Misconception:Tacking,False_Misconception:Positive
2117,True_Correct:NA,True_Neither:NA,True_Misconception:Incomplete
6839,True_Correct:NA,True_Neither:NA,True_Misconception:Mult
33541,True_Correct:NA,True_Neither:NA,True_Misconception:Wrong_term
14454,True_Correct:NA,True_Neither:NA,True_Misconception:Mult
28988,True_Neither:NA,True_Correct:NA,True_Misconception:Additive
1197,True_Correct:NA,True_Neither:NA,True_Misconception:Incomplete
11798,False_Misconception:Additive,False_Neither:NA,True_Misconception:Additive
25038,True_Correct:NA,True_Neither:NA,True_Misconception:Incorrect_equivalent_fraction_addition
1668,True_Neither:NA,True_Correct:NA,True_Misconception:WNB
20795,True_Correct:NA,True_Neither:NA,True_Misconception:Incomplete
19319,False_Misconception:Inversion,False_Neither:NA,False_Misconception:Duplication
3835,False_Misconception:Incomplete,False_Neither:NA,False_Correct:NA
20872,True_Neither:NA,True_Correct:NA,True_Misconception:FlipChange
26668,True_Neither:NA,True_Correct:NA,True_Misconception:Division
517,True_Correct:NA,True_Neither:NA,True_Misconception:Incomplete
30536,True_Neither:NA,True_Correct:NA,True_Misconception:Tacking
13868,True_Correct:NA,True_Neither:NA,True_Misconception:Irrelevant
16860,True_Correct:NA,True_Neither:NA,True_Misconception:SwapDividend
24755,True_Neither:NA,True_Correct:NA,True_Misconception:SwapDividend
30530,True_Correct:NA,True_Neither:NA,True_Misconception:Positive
32976,False_Misconception:Wrong_term,False_Neither:NA,False_Misconception:Adding_terms
17837,True_Correct:NA,True_Neither:NA,True_Misconception:Mult
13914,True_Neither:NA,True_Correct:NA,True_Misconception:Additive
23187,False_Misconception:Wrong_fraction,False_Neither:NA,False_Misconception:Incomplete
8358,False_Misconception:Wrong_Fraction,False_Neither:NA,False_Correct:NA
29255,False_Neither:NA,False_Misconception:Definition,False_Misconception:Unknowable
10422,True_Correct:NA,True_Neither:NA,True_Misconception:SwapDividend
1072,True_Correct:NA,True_Neither:NA,True_Misconception:Division
17367,True_Correct:NA,True_Neither:NA,True_Misconception:Inversion
2857,False_Correct:NA,False_Neither:NA,False_Misconception:Subtraction
1275,True_Correct:NA,True_Neither:NA,True_Misconception:WNB
22953,False_Neither:NA,False_Misconception:Incomplete,False_Misconception:Longer_is_bigger
12967,True_Correct:NA,True_Neither:NA,True_Misconception:Irrelevant
16948,True_Correct:NA,True_Neither:NA,True_Misconception:Inversion
15601,True_Correct:NA,True_Neither:NA,True_Misconception:SwapDividend
7339,True_Correct:NA,True_Neither:NA,True_Misconception:Mult
12917,True_Correct:NA,True_Neither:NA,True_Misconception:Irrelevant
9809,True_Correct:NA,True_Neither:NA,True_Misconception:Wrong_fraction
30893,True_Correct:NA,True_Neither:NA,True_Misconception:Tacking
30542,True_Neither:NA,True_Correct:NA,True_Misconception:Tacking
9328,True_Correct:NA,True_Neither:NA,True_Misconception:Incomplete
34300,True_Correct:NA,True_Neither:NA,True_Misconception:Wrong_term
30474,True_Correct:NA,True_Neither:NA,True_Misconception:Incomplete
8045,False_Neither:NA,False_Misconception:Incomplete,False_Misconception:Certainty
6232,True_Neither:NA,True_Correct:NA,True_Misconception:SwapDividend
28658,True_Neither:NA,True_Correct:NA,True_Misconception:Definition
24633,True_Correct:NA,True_Neither:NA,True_Misconception:SwapDividend
1930,True_Correct:NA,True_Neither:NA,True_Misconception:Incomplete
16408,False_Misconception:Not_variable,False_Neither:NA,False_Misconception:Incomplete
21036,True_Correct:NA,True_Neither:NA,True_Misconception:Shorter_is_bigger
28990,True_Neither:NA,True_Correct:NA,False_Neither:NA
25904,False_Misconception:Adding_across,False_Neither:NA,False_Misconception:Denominator-only_change
30624,True_Neither:NA,True_Correct:NA,True_Misconception:Tacking
14710,True_Correct:NA,True_Neither:NA,True_Misconception:Mult
640,True_Correct:NA,True_Neither:NA,True_Misconception:Incomplete
34149,True_Correct:NA,True_Neither:NA,True_Misconception:Wrong_term
34493,True_Correct:NA,True_Neither:NA,True_Misconception:Wrong_term
10089,True_Correct:NA,True_Neither:NA,True_Misconception:Wrong_fraction
34812,False_Neither:NA,False_Misconception:Wrong_term,False_Misconception:Firstterm
1456,True_Correct:NA,True_Neither:NA,True_Misconception:Incomplete
16729,True_Correct:NA,True_Neither:NA,True_Misconception:SwapDividend
29317,False_Neither:NA,False_Misconception:Tacking,False_Misconception:Positive
29433,False_Neither:NA,False_Misconception:Tacking,False_Misconception:Incomplete
13624,True_Correct:NA,True_Neither:NA,True_Misconception:Incomplete
14835,True_Correct:NA,True_Neither:NA,True_Misconception:Mult
17340,True_Correct:NA,True_Neither:NA,True_Misconception:Mult
11769,False_Misconception:Additive,False_Neither:NA,False_Misconception:Subtraction
24337,True_Correct:NA,True_Neither:NA,True_Misconception:Denominator-only_change
26774,True_Neither:NA,True_Misconception:Additive,True_Misconception:Division
27873,False_Misconception:Subtraction,False_Neither:NA,False_Misconception:Division
29016,True_Correct:NA,True_Neither:NA,True_Misconception:Wrong_fraction
27493,False_Misconception:Subtraction,False_Neither:NA,False_Correct:NA
24313,True_Neither:NA,True_Correct:NA,True_Misconception:SwapDividend
13837,True_Correct:NA,True_Neither:NA,True_Misconception:Mult
23319,False_Misconception:Wrong_fraction,False_Neither:NA,False_Misconception:Incomplete
2158,True_Correct:NA,True_Neither:NA,True_Misconception:Incomplete
32834,False_Misconception:Wrong_term,False_Neither:NA,False_Correct:NA
26057,False_Misconception:Adding_across,False_Neither:NA,False_Misconception:Denominator-only_change
22146,True_Correct:NA,True_Misconception:Wrong_fraction,True_Neither:NA
12080,False_Misconception:Additive,True_Misconception:Additive,False_Neither:NA
241,True_Neither:NA,True_Correct:NA,True_Misconception:Shorter_is_bigger
28792,True_Neither:NA,True_Correct:NA,False_Neither:NA
6169,True_Correct:NA,True_Neither:NA,True_Misconception:SwapDividend
19193,False_Misconception:Inversion,False_Neither:NA,False_Misconception:Duplication
13952,True_Neither:NA,True_Correct:NA,True_Misconception:Additive
18751,False_Neither:NA,False_Misconception:Longer_is_bigger,False_Misconception:Duplication
17160,True_Correct:NA,True_Neither:NA,True_Misconception:Incomplete
24347,True_Correct:NA,True_Neither:NA,True_Misconception:Inversion
34523,True_Correct:NA,True_Neither:NA,True_Misconception:Wrong_term
19042,False_Misconception:Duplication,False_Neither:NA,False_Misconception:Inversion
24677,True_Neither:NA,True_Correct:NA,True_Misconception:SwapDividend
30436,True_Correct:NA,True_Neither:NA,True_Misconception:Positive
26245,False_Neither:NA,False_Misconception:Adding_across,False_Misconception:Whole_numbers_larger
2638,False_Misconception:WNB,False_Neither:NA,False_Misconception:Incomplete
6179,True_Correct:NA,True_Neither:NA,True_Misconception:Mult
27163,False_Neither:NA,False_Misconception:Division,False_Correct:NA
12990,True_Correct:NA,True_Neither:NA,True_Misconception:Inversion
26920,True_Neither:NA,True_Correct:NA,True_Misconception:Division
22894,False_Correct:NA,False_Neither:NA,False_Misconception:Incomplete
9632,True_Correct:NA,True_Neither:NA,True_Misconception:SwapDividend
27653,False_Neither:NA,False_Misconception:Subtraction,False_Misconception:Unknowable
9870,True_Correct:NA,True_Neither:NA,True_Misconception:Wrong_fraction
8478,False_Neither:NA,False_Misconception:Wrong_Fraction,False_Correct:NA
3886,False_Misconception:Incomplete,False_Neither:NA,False_Correct:NA
16404,False_Misconception:Not_variable,False_Neither:NA,False_Misconception:Wrong_term
22254,True_Correct:NA,True_Neither:NA,True_Misconception:Wrong_fraction
28440,False_Misconception:Unknowable,False_Neither:NA,False_Misconception:Interior
30870,True_Neither:NA,True_Correct:NA,True_Misconception:Tacking
2362,False_Misconception:WNB,False_Neither:NA,False_Misconception:Incomplete
34411,True_Correct:NA,True_Neither:NA,True_Misconception:Wrong_term
12825,True_Correct:NA,True_Neither:NA,True_Misconception:Irrelevant
33740,True_Correct:NA,True_Neither:NA,True_Misconception:Firstterm
5252,False_Misconception:Mult,False_Neither:NA,False_Misconception:SwapDividend
9918,True_Correct:NA,True_Neither:NA,True_Misconception:Wrong_fraction
27652,False_Neither:NA,False_Misconception:Subtraction,False_Misconception:Division
16947,True_Correct:NA,True_Neither:NA,True_Misconception:Duplication
34987,True_Correct:NA,True_Neither:NA,True_Misconception:SwapDividend
34923,False_Misconception:Firstterm,False_Neither:NA,False_Misconception:Whole_numbers_larger
1000,True_Correct:NA,True_Neither:NA,True_Misconception:Incomplete
21052,True_Neither:NA,True_Correct:NA,True_Misconception:Tacking
23494,False_Misconception:Wrong_fraction,False_Neither:NA,False_Correct:NA
35314,True_Correct:NA,True_Neither:NA,True_Misconception:Multiplying_by_4
22732,True_Correct:NA,True_Neither:NA,True_Misconception:Wrong_fraction
17481,True_Correct:NA,True_Neither:NA,True_Misconception:Duplication
31524,False_Misconception:Positive,False_Neither:NA,False_Misconception:Tacking
23484,False_Misconception:Wrong_fraction,False_Neither:NA,False_Correct:NA
32355,False_Neither:NA,False_Misconception:Positive,False_Correct:NA
33353,True_Correct:NA,True_Neither:NA,True_Misconception:Wrong_term
3818,False_Neither:NA,False_Misconception:Incomplete,False_Misconception:WNB
4384,False_Misconception:Incomplete,False_Neither:NA,False_Misconception:WNB
8231,False_Misconception:Wrong_Fraction,False_Neither:NA,False_Misconception:Inverse_operation
3100,False_Misconception:Incomplete,False_Neither:NA,False_Correct:NA
24490,True_Correct:NA,True_Neither:NA,True_Misconception:Incorrect_equivalent_fraction_addition
12758,True_Correct:NA,True_Neither:NA,True_Misconception:Incomplete
22965,False_Misconception:Incomplete,False_Neither:NA,False_Misconception:Base_rate
2304,True_Correct:NA,True_Neither:NA,True_Misconception:Incomplete
27613,False_Neither:NA,False_Misconception:Subtraction,False_Misconception:Incomplete
7599,False_Misconception:Mult,False_Misconception:SwapDividend,False_Neither:NA
35052,True_Correct:NA,True_Neither:NA,True_Misconception:FlipChange
27677,False_Misconception:Subtraction,False_Neither:NA,False_Misconception:Division
25168,True_Correct:NA,True_Neither:NA,True_Misconception:Denominator-only_change
5960,True_Neither:NA,True_Correct:NA,True_Misconception:Additive
26480,True_Correct:NA,True_Neither:NA,True_Misconception:Division
31922,False_Neither:NA,False_Misconception:Positive,False_Misconception:Incomplete
9072,True_Correct:NA,True_Neither:NA,True_Misconception:SwapDividend
7672,False_Neither:NA,False_Misconception:Mult,False_Misconception:Division
36526,False_Misconception:Scale,False_Neither:NA,False_Misconception:Incomplete
3226,False_Misconception:Incomplete,False_Neither:NA,False_Misconception:WNB
7266,True_Correct:NA,True_Neither:NA,True_Misconception:Mult
3938,False_Misconception:Incomplete,False_Misconception:WNB,False_Neither:NA
6224,True_Correct:NA,True_Neither:NA,True_Misconception:SwapDividend
11256,False_Misconception:Irrelevant,False_Neither:NA,False_Misconception:SwapDividend
16169,False_Neither:NA,False_Misconception:Adding_terms,False_Misconception:Incomplete
21734,True_Neither:NA,True_Correct:NA,True_Misconception:Shorter_is_bigger
5869,True_Correct:NA,True_Neither:NA,True_Misconception:Mult
2095,True_Correct:NA,True_Neither:NA,True_Misconception:Incomplete
26754,True_Correct:NA,True_Neither:NA,True_Misconception:Division
25016,True_Neither:NA,True_Correct:NA,True_Misconception:Denominator-only_change
12680,True_Correct:NA,True_Neither:NA,True_Misconception:Incomplete
8304,False_Neither:NA,False_Misconception:Wrong_Fraction,False_Correct:NA
952,True_Correct:NA,True_Neither:NA,True_Misconception:Incomplete
2578,False_Misconception:WNB,False_Neither:NA,True_Misconception:WNB
2935,False_Misconception:Incomplete,False_Neither:NA,False_Correct:NA
4915,False_Misconception:SwapDividend,False_Misconception:FlipChange,False_Misconception:Mult
10202,True_Correct:NA,True_Neither:NA,True_Misconception:Mult
22527,True_Correct:NA,True_Neither:NA,True_Misconception:Wrong_fraction
11206,False_Misconception:Irrelevant,True_Misconception:Irrelevant,False_Neither:NA
7924,False_Neither:NA,False_Misconception:Mult,False_Misconception:Longer_is_bigger
13889,True_Neither:NA,True_Correct:NA,True_Misconception:Irrelevant
33080,False_Misconception:Wrong_term,False_Neither:NA,False_Correct:NA
5460,False_Misconception:SwapDividend,False_Misconception:FlipChange,False_Neither:NA
1662,True_Correct:NA,True_Neither:NA,True_Misconception:Incomplete
18586,False_Misconception:Duplication,False_Neither:NA,False_Misconception:Inversion
18864,False_Misconception:Duplication,False_Neither:NA,False_Correct:NA
12350,False_Misconception:Additive,False_Neither:NA,True_Misconception:Additive
341,True_Correct:NA,True_Neither:NA,True_Misconception:Incomplete
2830,False_Neither:NA,False_Misconception:Incomplete,False_Correct:NA
13086,True_Correct:NA,True_Neither:NA,True_Misconception:Irrelevant
11515,False_Misconception:Additive,False_Neither:NA,True_Misconception:Additive
17520,True_Correct:NA,True_Neither:NA,True_Misconception:Mult
15004,True_Correct:NA,True_Neither:NA,True_Misconception:SwapDividend
31970,False_Neither:NA,False_Misconception:Scale,False_Misconception:Tacking
9992,True_Correct:NA,True_Neither:NA,True_Misconception:SwapDividend
15878,True_Correct:NA,True_Neither:NA,True_Misconception:Mult
34568,True_Correct:NA,True_Neither:NA,True_Misconception:Wrong_term
23418,False_Misconception:Wrong_fraction,False_Neither:NA,False_Correct:NA
3356,False_Neither:NA,False_Misconception:Incomplete,False_Misconception:WNB
34920,False_Neither:NA,False_Misconception:Firstterm,False_Misconception:Wrong_term
18352,False_Misconception:Duplication,False_Neither:NA,False_Correct:NA
11847,False_Neither:NA,False_Misconception:Additive,False_Misconception:Certainty
18035,True_Correct:NA,True_Neither:NA,True_Misconception:Denominator-only_change
10779,True_Correct:NA,True_Neither:NA,True_Misconception:SwapDividend
35459,True_Correct:NA,True_Neither:NA,True_Misconception:Multiplying_by_4
13831,True_Correct:NA,True_Neither:NA,True_Misconception:Irrelevant
19178,False_Misconception:Inversion,False_Neither:NA,False_Misconception:Wrong_term
36058,True_Correct:NA,True_Neither:NA,True_Misconception:Irrelevant
18631,False_Misconception:Duplication,False_Neither:NA,False_Correct:NA
17499,True_Neither:NA,True_Correct:NA,True_Misconception:Inversion
6267,True_Correct:NA,True_Neither:NA,True_Misconception:Mult
33325,True_Correct:NA,True_Neither:NA,True_Misconception:Wrong_term
28567,True_Correct:NA,True_Neither:NA,True_Misconception:Duplication
15920,True_Correct:NA,True_Neither:NA,True_Misconception:Division
16063,True_Correct:NA,True_Neither:NA,True_Misconception:Mult
13364,True_Correct:NA,True_Neither:NA,True_Misconception:Irrelevant
17405,True_Correct:NA,True_Neither:NA,True_Misconception:Duplication
1520,True_Correct:NA,True_Neither:NA,True_Misconception:Incomplete
14987,True_Correct:NA,True_Neither:NA,True_Misconception:SwapDividend
1243,True_Correct:NA,True_Neither:NA,True_Misconception:Incomplete
28116,False_Misconception:Subtraction,False_Neither:NA,False_Misconception:Additive
1555,True_Correct:NA,True_Neither:NA,True_Misconception:Incomplete
15811,True_Correct:NA,True_Neither:NA,True_Misconception:SwapDividend
23089,False_Misconception:Wrong_fraction,False_Neither:NA,True_Misconception:Wrong_fraction
34589,True_Correct:NA,True_Neither:NA,True_Misconception:Wrong_term
30872,True_Misconception:Tacking,True_Neither:NA,True_Misconception:Denominator-only_change
9087,True_Correct:NA,True_Neither:NA,True_Misconception:SwapDividend
31079,True_Neither:NA,True_Misconception:Tacking,True_Correct:NA
28181,False_Neither:NA,False_Misconception:Unknowable,False_Misconception:Scale
27138,False_Neither:NA,False_Misconception:Division,False_Misconception:Subtraction
6994,True_Neither:NA,True_Correct:NA,True_Misconception:SwapDividend
1889,True_Correct:NA,True_Neither:NA,True_Misconception:Incomplete
1114,True_Correct:NA,True_Neither:NA,True_Misconception:Incomplete
8296,False_Misconception:Wrong_Fraction,False_Neither:NA,False_Correct:NA
10772,True_Correct:NA,True_Neither:NA,True_Misconception:SwapDividend
17291,True_Correct:NA,True_Neither:NA,True_Misconception:Duplication
14137,True_Neither:NA,True_Misconception:Irrelevant,True_Misconception:Additive
27214,False_Misconception:Subtraction,False_Neither:NA,False_Misconception:Division
14207,True_Neither:NA,True_Misconception:Irrelevant,True_Correct:NA
5325,False_Misconception:Mult,False_Neither:NA,False_Misconception:SwapDividend
12348,False_Misconception:Additive,False_Neither:NA,True_Misconception:Additive
2858,False_Neither:NA,False_Misconception:Incomplete,False_Correct:NA
32032,False_Neither:NA,False_Misconception:Whole_numbers_larger,False_Misconception:Tacking
9985,True_Correct:NA,True_Neither:NA,True_Misconception:Incomplete
1871,True_Neither:NA,True_Correct:NA,True_Misconception:WNB
4772,False_Misconception:Incomplete,False_Neither:NA,False_Correct:NA
4851,False_Neither:NA,False_Misconception:Incomplete,False_Misconception:WNB
15521,True_Correct:NA,True_Neither:NA,True_Misconception:SwapDividend
24528,True_Correct:NA,True_Neither:NA,True_Misconception:Inversion
18206,False_Misconception:Duplication,False_Neither:NA,False_Correct:NA
24283,True_Neither:NA,True_Correct:NA,True_Misconception:Inversion
30631,True_Neither:NA,True_Misconception:Tacking,True_Correct:NA
14804,True_Correct:NA,True_Neither:NA,True_Misconception:SwapDividend
12154,False_Misconception:Additive,False_Neither:NA,True_Misconception:Additive
14344,False_Neither:NA,False_Misconception:WNB,False_Misconception:Irrelevant
23370,False_Misconception:Wrong_fraction,False_Neither:NA,False_Correct:NA
28097,False_Neither:NA,False_Misconception:Subtraction,False_Correct:NA
31219,True_Correct:NA,True_Neither:NA,True_Misconception:Incorrect_equivalent_fraction_addition
16229,False_Misconception:Adding_terms,False_Neither:NA,False_Misconception:Incomplete
36457,False_Misconception:Scale,False_Neither:NA,False_Misconception:Certainty
13744,True_Neither:NA,True_Correct:NA,True_Misconception:Irrelevant
34473,True_Correct:NA,True_Neither:NA,True_Misconception:Wrong_term
6951,True_Correct:NA,True_Neither:NA,True_Misconception:Mult
9708,True_Correct:NA,True_Neither:NA,False_Correct:NA
32484,False_Neither:NA,False_Misconception:Wrong_term,False_Misconception:Firstterm
16752,True_Correct:NA,True_Neither:NA,True_Misconception:Duplication
32546,False_Misconception:Wrong_term,False_Neither:NA,False_Correct:NA
12051,False_Misconception:Additive,False_Neither:NA,True_Misconception:Additive
32433,False_Misconception:Wrong_term,False_Neither:NA,False_Correct:NA
36437,False_Misconception:Scale,False_Neither:NA,False_Misconception:Shorter_is_bigger
23534,False_Misconception:Wrong_fraction,False_Neither:NA,False_Correct:NA
18137,True_Correct:NA,True_Neither:NA,True_Misconception:Inversion
13433,True_Correct:NA,True_Neither:NA,True_Misconception:Incomplete
30073,False_Neither:NA,False_Misconception:Tacking,False_Misconception:Unknowable
25341,False_Neither:NA,False_Misconception:Denominator-only_change,False_Misconception:Adding_across
11928,False_Misconception:Additive,False_Neither:NA,True_Misconception:Additive
30509,True_Misconception:Tacking,False_Misconception:Tacking,True_Neither:NA
14155,True_Neither:NA,True_Misconception:Additive,False_Neither:NA
17673,True_Correct:NA,True_Neither:NA,True_Misconception:Duplication
15931,True_Neither:NA,True_Correct:NA,True_Misconception:Mult
12246,False_Misconception:Additive,False_Neither:NA,True_Misconception:Additive
18478,False_Misconception:Duplication,False_Neither:NA,False_Correct:NA
32156,False_Misconception:Positive,False_Neither:NA,False_Correct:NA
26503,True_Neither:NA,True_Correct:NA,True_Misconception:Division
10580,True_Correct:NA,True_Neither:NA,False_Correct:NA
21900,True_Neither:NA,True_Correct:NA,True_Misconception:Shorter_is_bigger
12389,False_Misconception:Additive,False_Neither:NA,True_Misconception:Additive
4810,False_Misconception:Incomplete,False_Neither:NA,False_Misconception:WNB
21403,True_Correct:NA,True_Neither:NA,True_Misconception:Incomplete
33470,True_Neither:NA,True_Correct:NA,True_Misconception:Firstterm
24779,True_Correct:NA,True_Neither:NA,True_Misconception:Incorrect_equivalent_fraction_addition
5488,False_Misconception:Mult,False_Misconception:SwapDividend,False_Neither:NA
35488,False_Neither:NA,False_Misconception:Base_rate,False_Correct:NA
16247,False_Misconception:Adding_terms,False_Neither:NA,False_Misconception:Incomplete
35647,False_Neither:NA,False_Misconception:Certainty,False_Misconception:Scale
7438,False_Neither:NA,False_Misconception:FlipChange,False_Misconception:SwapDividend
19893,False_Misconception:Whole_numbers_larger,False_Neither:NA,False_Misconception:Shorter_is_bigger
34187,True_Correct:NA,True_Neither:NA,True_Misconception:Wrong_term
11583,False_Neither:NA,False_Misconception:Additive,False_Misconception:WNB
32091,False_Neither:NA,False_Misconception:Tacking,False_Misconception:Positive
6725,True_Correct:NA,True_Neither:NA,True_Misconception:Mult
4253,False_Neither:NA,False_Misconception:WNB,False_Misconception:Incomplete
36245,True_Correct:NA,True_Neither:NA,True_Misconception:Incomplete
23654,True_Correct:NA,True_Neither:NA,True_Misconception:Denominator-only_change
3067,False_Misconception:WNB,False_Neither:NA,False_Misconception:Incomplete
11547,False_Misconception:Additive,False_Neither:NA,False_Misconception:Irrelevant
19044,False_Misconception:Duplication,False_Neither:NA,False_Misconception:Inversion
16140,False_Correct:NA,False_Neither:NA,False_Misconception:SwapDividend
28487,False_Misconception:Unknowable,False_Neither:NA,False_Misconception:Definition
14510,True_Correct:NA,True_Neither:NA,True_Misconception:SwapDividend
9303,True_Correct:NA,True_Neither:NA,True_Misconception:Wrong_fraction
15192,True_Neither:NA,True_Correct:NA,False_Neither:NA
24961,True_Correct:NA,True_Neither:NA,True_Misconception:Denominator-only_change
991,True_Correct:NA,True_Neither:NA,True_Misconception:Incomplete
21994,True_Correct:NA,True_Neither:NA,True_Misconception:Inversion
12209,False_Neither:NA,False_Misconception:Additive,True_Misconception:Additive
14981,True_Correct:NA,True_Neither:NA,False_Correct:NA
2312,True_Correct:NA,True_Neither:NA,True_Misconception:Incomplete
24836,True_Correct:NA,True_Neither:NA,True_Misconception:Incorrect_equivalent_fraction_addition
10405,True_Correct:NA,True_Neither:NA,True_Misconception:Incorrect_equivalent_fraction_addition
24753,True_Correct:NA,True_Neither:NA,True_Misconception:FlipChange
27397,False_Misconception:Subtraction,False_Neither:NA,False_Correct:NA
23738,True_Correct:NA,True_Neither:NA,True_Misconception:Denominator-only_change
21081,True_Neither:NA,True_Correct:NA,True_Misconception:Shorter_is_bigger
33732,True_Neither:NA,True_Correct:NA,True_Misconception:Firstterm
26797,True_Correct:NA,True_Neither:NA,True_Misconception:Division
15943,True_Correct:NA,True_Neither:NA,True_Misconception:SwapDividend
499,True_Correct:NA,True_Neither:NA,True_Misconception:Incomplete
18400,False_Misconception:Duplication,False_Neither:NA,False_Misconception:Inversion
35425,True_Neither:NA,True_Correct:NA,True_Misconception:SwapDividend
22535,True_Correct:NA,True_Neither:NA,True_Misconception:Wrong_fraction
29239,False_Neither:NA,False_Misconception:Irrelevant,False_Misconception:Unknowable
36434,False_Neither:NA,False_Misconception:Scale,False_Misconception:Certainty
1305,True_Correct:NA,True_Misconception:Incomplete,True_Neither:NA
1347,True_Correct:NA,True_Neither:NA,True_Misconception:Incomplete
35277,True_Correct:NA,True_Neither:NA,True_Misconception:Division
1981,True_Correct:NA,True_Neither:NA,True_Misconception:Incomplete
30028,False_Misconception:Positive,False_Neither:NA,False_Correct:NA
32257,False_Misconception:Positive,False_Neither:NA,True_Misconception:Positive
18568,False_Misconception:Duplication,False_Neither:NA,True_Misconception:Duplication
22941,False_Neither:NA,False_Misconception:Incomplete,False_Misconception:Wrong_fraction
8617,False_Misconception:Wrong_Fraction,False_Neither:NA,False_Misconception:Inverse_operation
20197,False_Neither:NA,False_Misconception:Longer_is_bigger,False_Misconception:Ignores_zeroes
21176,True_Neither:NA,True_Correct:NA,True_Misconception:Shorter_is_bigger
15633,True_Correct:NA,True_Neither:NA,True_Misconception:FlipChange
28089,False_Misconception:Subtraction,False_Neither:NA,False_Correct:NA
7840,False_Neither:NA,False_Misconception:Longer_is_bigger,False_Misconception:SwapDividend
31654,False_Neither:NA,False_Misconception:Positive,False_Misconception:Tacking
33156,False_Misconception:Wrong_term,False_Neither:NA,False_Misconception:Adding_terms
5989,True_Correct:NA,True_Neither:NA,True_Misconception:Mult
29365,False_Misconception:Positive,False_Neither:NA,False_Correct:NA
18190,False_Neither:NA,False_Misconception:Duplication,False_Misconception:Wrong_Operation
5070,False_Misconception:Mult,False_Neither:NA,False_Misconception:SwapDividend
28460,False_Misconception:Unknowable,False_Neither:NA,False_Misconception:Adding_across
10476,True_Correct:NA,True_Neither:NA,True_Misconception:SwapDividend
18650,False_Misconception:Duplication,False_Neither:NA,False_Correct:NA
8765,False_Neither:NA,False_Misconception:Irrelevant,False_Misconception:Incomplete
30092,False_Neither:NA,False_Misconception:Tacking,False_Misconception:Positive
13766,True_Correct:NA,True_Neither:NA,True_Misconception:Additive
35502,False_Misconception:Base_rate,False_Neither:NA,False_Misconception:Multiplying_by_4
8439,False_Misconception:Wrong_Fraction,False_Neither:NA,False_Misconception:Inverse_operation
16711,True_Correct:NA,True_Neither:NA,True_Misconception:Duplication
24966,True_Correct:NA,True_Neither:NA,True_Misconception:Denominator-only_change
16296,False_Misconception:Not_variable,False_Neither:NA,False_Misconception:Adding_terms
6361,True_Correct:NA,True_Neither:NA,True_Misconception:Mult
12923,True_Correct:NA,True_Neither:NA,True_Misconception:Mult
5121,False_Misconception:Mult,False_Neither:NA,False_Misconception:SwapDividend
14107,True_Correct:NA,True_Neither:NA,True_Misconception:Irrelevant
9059,True_Correct:NA,True_Neither:NA,True_Misconception:Wrong_fraction
10609,True_Neither:NA,True_Correct:NA,True_Misconception:SwapDividend
26508,True_Misconception:Division,True_Neither:NA,True_Correct:NA
4305,False_Misconception:Incomplete,False_Neither:NA,False_Correct:NA
13014,True_Neither:NA,True_Misconception:Additive,True_Correct:NA
32203,False_Misconception:Positive,False_Neither:NA,False_Correct:NA
32748,False_Neither:NA,False_Misconception:Wrong_term,False_Misconception:Firstterm
7149,True_Correct:NA,True_Neither:NA,True_Misconception:Mult
30854,True_Correct:NA,True_Neither:NA,True_Misconception:Positive
19804,False_Neither:NA,False_Correct:NA,False_Misconception:Ignores_zeroes
4140,False_Neither:NA,False_Misconception:Incomplete,False_Correct:NA
9767,True_Neither:NA,True_Correct:NA,False_Neither:NA
30547,True_Neither:NA,True_Correct:NA,True_Misconception:Tacking
17428,True_Correct:NA,True_Neither:NA,True_Misconception:Inversion
16637,True_Correct:NA,True_Neither:NA,True_Misconception:Duplication
11472,False_Neither:NA,False_Misconception:Additive,False_Misconception:Irrelevant
1991,True_Correct:NA,True_Neither:NA,True_Misconception:Division
7133,True_Correct:NA,True_Neither:NA,True_Misconception:FlipChange
1029,True_Neither:NA,True_Correct:NA,True_Misconception:WNB
24580,True_Correct:NA,True_Neither:NA,True_Misconception:Mult
21611,True_Correct:NA,True_Neither:NA,True_Misconception:Inversion
29540,False_Neither:NA,False_Misconception:Positive,False_Correct:NA
6149,True_Correct:NA,True_Neither:NA,True_Misconception:Mult
34442,True_Correct:NA,True_Neither:NA,True_Misconception:Wrong_term
27610,False_Neither:NA,False_Misconception:Subtraction,False_Misconception:Whole_numbers_larger
9312,True_Correct:NA,True_Neither:NA,True_Misconception:Incomplete
10347,True_Correct:NA,True_Neither:NA,True_Misconception:SwapDividend
35065,True_Neither:NA,True_Correct:NA,True_Misconception:Shorter_is_bigger
29895,False_Neither:NA,False_Misconception:Positive,False_Misconception:Tacking
17679,True_Correct:NA,True_Neither:NA,True_Misconception:Inversion
25664,False_Misconception:Denominator-only_change,False_Neither:NA,True_Misconception:Denominator-only_change
11899,False_Misconception:Additive,False_Neither:NA,True_Misconception:Additive
16250,False_Neither:NA,False_Misconception:Adding_terms,False_Correct:NA
16606,True_Neither:NA,True_Correct:NA,False_Neither:NA
30744,True_Correct:NA,True_Neither:NA,False_Misconception:Positive
29031,True_Correct:NA,True_Neither:NA,True_Misconception:Mult
4913,False_Neither:NA,False_Misconception:Mult,False_Misconception:SwapDividend
33190,True_Neither:NA,True_Correct:NA,True_Misconception:Inversion
34929,False_Neither:NA,False_Correct:NA,False_Misconception:Firstterm
14314,False_Misconception:WNB,False_Neither:NA,False_Misconception:Additive
2799,False_Neither:NA,False_Misconception:Incomplete,False_Correct:NA
23298,False_Neither:NA,False_Misconception:Incomplete,False_Correct:NA
18210,False_Neither:NA,False_Correct:NA,False_Misconception:Duplication
13883,True_Correct:NA,True_Neither:NA,True_Misconception:Irrelevant
22720,True_Correct:NA,True_Neither:NA,True_Misconception:Additive
30224,True_Correct:NA,True_Neither:NA,True_Misconception:Positive
2008,True_Correct:NA,True_Neither:NA,True_Misconception:Incomplete
35681,False_Neither:NA,False_Misconception:Certainty,False_Misconception:Scale
29095,False_Misconception:Interior,False_Neither:NA,False_Correct:NA
22179,True_Correct:NA,True_Neither:NA,True_Misconception:Wrong_fraction
33832,True_Correct:NA,True_Neither:NA,True_Misconception:Wrong_term
15571,True_Correct:NA,True_Neither:NA,True_Misconception:Multiplying_by_4
16595,True_Neither:NA,True_Correct:NA,True_Misconception:Duplication
35301,True_Correct:NA,True_Neither:NA,True_Misconception:Division
5327,False_Misconception:SwapDividend,False_Misconception:FlipChange,False_Misconception:Mult
30056,False_Misconception:Positive,False_Neither:NA,False_Misconception:Tacking
34652,True_Correct:NA,True_Neither:NA,True_Misconception:Wrong_term
24471,True_Correct:NA,True_Neither:NA,True_Misconception:Inversion
26937,True_Neither:NA,True_Correct:NA,True_Misconception:Division
6992,True_Correct:NA,True_Neither:NA,True_Misconception:SwapDividend
33441,True_Neither:NA,True_Correct:NA,True_Misconception:Wrong_term
1092,True_Neither:NA,True_Correct:NA,False_Neither:NA
3735,False_Correct:NA,False_Neither:NA,False_Misconception:Subtraction
9851,True_Correct:NA,True_Neither:NA,True_Misconception:Additive
2168,True_Neither:NA,True_Correct:NA,False_Neither:NA
18857,False_Misconception:Duplication,False_Neither:NA,False_Misconception:Inversion
1033,True_Correct:NA,True_Neither:NA,True_Misconception:Incomplete
1856,True_Correct:NA,True_Neither:NA,True_Misconception:Incomplete
27121,False_Neither:NA,False_Misconception:Division,False_Misconception:FlipChange
11762,False_Misconception:Additive,False_Neither:NA,False_Misconception:Irrelevant
20574,True_Correct:NA,True_Neither:NA,True_Misconception:Shorter_is_bigger
4579,False_Neither:NA,False_Misconception:Incomplete,False_Misconception:WNB
8499,False_Misconception:Wrong_Fraction,False_Correct:NA,False_Neither:NA
6281,True_Correct:NA,True_Neither:NA,True_Misconception:Mult
29003,True_Correct:NA,True_Neither:NA,True_Misconception:SwapDividend
35921,True_Neither:NA,True_Correct:NA,True_Misconception:SwapDividend
22147,True_Correct:NA,True_Neither:NA,True_Misconception:Wrong_fraction
18842,False_Misconception:Duplication,False_Neither:NA,False_Misconception:Inversion
1078,True_Correct:NA,True_Neither:NA,True_Misconception:Incomplete
13375,True_Correct:NA,True_Neither:NA,True_Misconception:Irrelevant
7759,False_Neither:NA,False_Misconception:Mult,False_Misconception:Longer_is_bigger
32938,False_Misconception:Wrong_term,False_Neither:NA,False_Correct:NA
1183,True_Neither:NA,True_Correct:NA,True_Misconception:Incomplete
16190,False_Neither:NA,False_Misconception:Irrelevant,False_Misconception:Adding_terms
5026,False_Misconception:Mult,False_Neither:NA,False_Misconception:SwapDividend
34392,True_Correct:NA,True_Neither:NA,True_Misconception:Wrong_term
1788,True_Neither:NA,True_Correct:NA,True_Misconception:WNB
31644,False_Misconception:Positive,False_Neither:NA,False_Correct:NA
29072,False_Misconception:Interior,False_Neither:NA,False_Correct:NA
12232,False_Misconception:Additive,True_Misconception:Additive,False_Neither:NA
28002,False_Misconception:Subtraction,False_Neither:NA,False_Misconception:Incomplete
24524,True_Correct:NA,True_Neither:NA,False_Correct:NA
6048,True_Correct:NA,True_Neither:NA,True_Misconception:Mult
17078,True_Correct:NA,True_Neither:NA,True_Misconception:Division
14359,False_Neither:NA,False_Misconception:WNB,False_Misconception:Irrelevant
26846,True_Correct:NA,True_Neither:NA,True_Misconception:Division
30558,True_Neither:NA,True_Correct:NA,True_Misconception:Tacking
26232,False_Misconception:Adding_across,False_Neither:NA,False_Misconception:Denominator-only_change
4955,False_Misconception:Mult,False_Neither:NA,False_Misconception:SwapDividend
20113,False_Misconception:Whole_numbers_larger,False_Neither:NA,False_Misconception:Shorter_is_bigger
2286,True_Correct:NA,True_Neither:NA,True_Misconception:Incomplete
14836,True_Correct:NA,True_Neither:NA,True_Misconception:Wrong_fraction
21934,True_Correct:NA,True_Neither:NA,True_Misconception:Mult
20457,True_Neither:NA,True_Correct:NA,True_Misconception:Denominator-only_change
18856,False_Misconception:Duplication,False_Neither:NA,False_Correct:NA
4463,False_Misconception:Incomplete,False_Neither:NA,False_Correct:NA
12505,False_Misconception:Additive,False_Neither:NA,False_Misconception:Irrelevant
20097,False_Misconception:Whole_numbers_larger,False_Neither:NA,False_Misconception:Shorter_is_bigger
6594,True_Correct:NA,True_Neither:NA,True_Misconception:Mult
10331,True_Correct:NA,True_Neither:NA,True_Misconception:Wrong_fraction
7932,False_Neither:NA,False_Misconception:Mult,False_Misconception:SwapDividend
5157,False_Misconception:Mult,False_Neither:NA,False_Misconception:SwapDividend
14875,True_Correct:NA,True_Neither:NA,True_Misconception:SwapDividend
6418,True_Correct:NA,True_Neither:NA,True_Misconception:SwapDividend
16852,True_Correct:NA,True_Neither:NA,True_Misconception:Duplication
20033,False_Misconception:Whole_numbers_larger,False_Neither:NA,False_Misconception:Irrelevant
29533,False_Misconception:Positive,False_Neither:NA,False_Misconception:Tacking
20585,True_Neither:NA,True_Misconception:Shorter_is_bigger,True_Correct:NA
10124,True_Neither:NA,True_Correct:NA,True_Misconception:Additive
22336,True_Neither:NA,True_Correct:NA,True_Misconception:Wrong_fraction
2138,True_Correct:NA,True_Neither:NA,True_Misconception:Incomplete
2119,True_Neither:NA,True_Correct:NA,True_Misconception:WNB
11146,False_Misconception:Irrelevant,False_Neither:NA,False_Misconception:WNB
15492,True_Correct:NA,True_Neither:NA,True_Misconception:SwapDividend
17691,True_Correct:NA,True_Neither:NA,True_Misconception:Inversion
8483,False_Neither:NA,False_Misconception:Wrong_Fraction,False_Correct:NA
29702,False_Neither:NA,False_Misconception:Tacking,False_Misconception:Positive
33281,True_Correct:NA,True_Neither:NA,True_Misconception:Wrong_term
16730,True_Correct:NA,True_Neither:NA,True_Misconception:Duplication
35567,False_Neither:NA,False_Misconception:Multiplying_by_4,False_Correct:NA
11849,False_Neither:NA,False_Misconception:Additive,False_Misconception:Certainty
516,True_Correct:NA,True_Neither:NA,True_Misconception:WNB
11834,False_Misconception:Additive,False_Neither:NA,True_Misconception:Additive
35337,True_Correct:NA,True_Neither:NA,True_Misconception:Multiplying_by_4
25492,False_Neither:NA,False_Misconception:Denominator-only_change,False_Misconception:Adding_across
7916,False_Neither:NA,False_Misconception:Mult,False_Misconception:Longer_is_bigger
29627,False_Neither:NA,False_Misconception:Tacking,False_Misconception:Positive
25633,False_Neither:NA,False_Misconception:Adding_across,False_Misconception:Denominator-only_change
28256,False_Misconception:Unknowable,False_Neither:NA,False_Misconception:Interior
16507,False_Misconception:Not_variable,False_Neither:NA,False_Misconception:Inverse_operation
11717,False_Misconception:Additive,False_Neither:NA,True_Misconception:Additive
23277,False_Misconception:Wrong_fraction,False_Neither:NA,False_Correct:NA
25842,False_Neither:NA,False_Misconception:Denominator-only_change,False_Misconception:Adding_across
16325,False_Misconception:Not_variable,False_Neither:NA,False_Misconception:Incomplete
30398,True_Neither:NA,False_Neither:NA,True_Correct:NA
19850,False_Misconception:Whole_numbers_larger,False_Neither:NA,False_Misconception:Longer_is_bigger
27428,False_Misconception:Subtraction,False_Neither:NA,False_Misconception:Division
2752,False_Neither:NA,False_Misconception:WNB,False_Misconception:Incomplete
33377,True_Neither:NA,True_Correct:NA,True_Misconception:Incomplete
9880,True_Correct:NA,True_Neither:NA,True_Misconception:Incomplete
14222,True_Neither:NA,True_Misconception:Additive,False_Neither:NA
16045,True_Correct:NA,True_Neither:NA,True_Misconception:SwapDividend
5865,True_Correct:NA,True_Neither:NA,True_Misconception:Mult
17496,True_Neither:NA,True_Correct:NA,True_Misconception:Additive
6046,True_Correct:NA,True_Misconception:Mult,True_Neither:NA
29041,False_Misconception:Interior,False_Neither:NA,False_Correct:NA
27587,False_Misconception:Subtraction,False_Neither:NA,False_Misconception:Division
32506,False_Misconception:Wrong_term,False_Neither:NA,False_Correct:NA
33345,True_Correct:NA,True_Neither:NA,True_Misconception:Wrong_term
30985,True_Correct:NA,True_Neither:NA,True_Misconception:Positive
24141,True_Correct:NA,True_Neither:NA,True_Misconception:Denominator-only_change
447,True_Neither:NA,True_Correct:NA,False_Neither:NA
24311,True_Correct:NA,True_Neither:NA,True_Misconception:SwapDividend
3833,False_Misconception:Incomplete,False_Neither:NA,False_Correct:NA
35106,True_Correct:NA,True_Neither:NA,True_Misconception:SwapDividend
2974,False_Misconception:Incomplete,False_Neither:NA,False_Correct:NA
7827,False_Neither:NA,False_Misconception:Mult,False_Misconception:SwapDividend
25911,False_Misconception:Adding_across,False_Neither:NA,False_Misconception:Denominator-only_change
5567,True_Correct:NA,True_Neither:NA,True_Misconception:Mult
29600,False_Neither:NA,False_Misconception:Positive,False_Misconception:Tacking
12848,True_Correct:NA,True_Neither:NA,True_Misconception:Mult
27836,False_Neither:NA,False_Misconception:Subtraction,False_Misconception:WNB
31274,True_Correct:NA,True_Neither:NA,True_Misconception:Positive
8023,False_Neither:NA,False_Misconception:Incomplete,False_Correct:NA
32173,False_Neither:NA,False_Misconception:Adding_across,False_Misconception:Positive
23674,True_Correct:NA,True_Neither:NA,True_Misconception:Mult
28762,True_Neither:NA,True_Correct:NA,True_Misconception:Additive
8761,False_Neither:NA,False_Misconception:Irrelevant,False_Correct:NA
30662,True_Correct:NA,True_Neither:NA,True_Misconception:Positive
24997,True_Neither:NA,True_Correct:NA,True_Misconception:Denominator-only_change
18198,False_Neither:NA,False_Misconception:Wrong_Operation,False_Misconception:Longer_is_bigger
14907,True_Correct:NA,True_Neither:NA,True_Misconception:SwapDividend
30479,True_Correct:NA,True_Neither:NA,True_Misconception:Positive
24883,True_Correct:NA,True_Neither:NA,True_Misconception:Mult
3820,False_Misconception:Incomplete,False_Neither:NA,False_Correct:NA
31594,False_Neither:NA,False_Misconception:Tacking,False_Misconception:Positive
2344,True_Neither:NA,True_Correct:NA,True_Misconception:WNB
15570,True_Correct:NA,True_Neither:NA,True_Misconception:Duplication
15178,True_Correct:NA,True_Neither:NA,True_Misconception:SwapDividend
34030,True_Correct:NA,True_Neither:NA,True_Misconception:Wrong_term
22773,True_Correct:NA,True_Neither:NA,True_Misconception:Wrong_fraction
19408,False_Misconception:Inversion,False_Neither:NA,False_Misconception:Duplication
34382,True_Correct:NA,True_Neither:NA,True_Misconception:Wrong_term
14686,True_Correct:NA,True_Neither:NA,True_Misconception:SwapDividend
26044,False_Misconception:Adding_across,False_Neither:NA,False_Misconception:Denominator-only_change
1118,True_Correct:NA,True_Neither:NA,True_Misconception:Incomplete
11342,False_Neither:NA,False_Misconception:Irrelevant,False_Misconception:Scale
5667,True_Correct:NA,True_Neither:NA,True_Misconception:Mult
7289,True_Correct:NA,True_Neither:NA,True_Misconception:Mult
35692,False_Misconception:Certainty,False_Neither:NA,False_Misconception:Scale
7516,False_Neither:NA,False_Misconception:SwapDividend,False_Misconception:FlipChange
27308,False_Misconception:Subtraction,False_Neither:NA,False_Misconception:Division
12783,True_Correct:NA,True_Neither:NA,True_Misconception:Irrelevant
6626,True_Correct:NA,True_Neither:NA,True_Misconception:SwapDividend
20665,True_Correct:NA,True_Neither:NA,True_Misconception:Inversion
27592,False_Misconception:Subtraction,False_Neither:NA,False_Misconception:Division
655,True_Neither:NA,True_Correct:NA,False_Neither:NA
32734,False_Misconception:Wrong_term,False_Neither:NA,False_Misconception:Adding_terms
24934,True_Correct:NA,True_Neither:NA,True_Misconception:Mult
29589,False_Misconception:Tacking,False_Neither:NA,False_Misconception:Positive
25439,False_Misconception:Denominator-only_change,False_Neither:NA,False_Misconception:Adding_across
1397,True_Correct:NA,True_Neither:NA,True_Misconception:Incomplete
33968,True_Neither:NA,True_Correct:NA,True_Misconception:Wrong_fraction
27478,False_Neither:NA,False_Misconception:Subtraction,False_Correct:NA
7191,True_Correct:NA,True_Neither:NA,True_Misconception:Mult
14406,False_Neither:NA,False_Misconception:Additive,False_Misconception:WNB
18634,False_Misconception:Duplication,False_Neither:NA,False_Misconception:Inversion
1396,True_Correct:NA,True_Neither:NA,True_Misconception:Incomplete
29951,False_Neither:NA,False_Misconception:Positive,False_Misconception:Tacking
25873,False_Neither:NA,False_Misconception:Duplication,False_Misconception:Wrong_Operation
7049,True_Neither:NA,True_Correct:NA,True_Misconception:Mult
33118,False_Neither:NA,False_Misconception:Wrong_term,False_Misconception:Firstterm
34262,True_Correct:NA,True_Neither:NA,True_Misconception:Wrong_term
26612,True_Neither:NA,True_Correct:NA,True_Misconception:Division
1696,True_Correct:NA,True_Neither:NA,True_Misconception:Incomplete
2346,True_Correct:NA,True_Neither:NA,True_Misconception:Incomplete
29587,False_Misconception:Tacking,False_Neither:NA,True_Misconception:Tacking
33439,True_Correct:NA,True_Neither:NA,True_Misconception:Wrong_term
13857,True_Neither:NA,True_Misconception:Additive,True_Misconception:Irrelevant
33088,False_Neither:NA,False_Misconception:Wrong_term,False_Misconception:Firstterm
16124,True_Correct:NA,True_Neither:NA,True_Misconception:Mult
34302,True_Correct:NA,True_Neither:NA,True_Misconception:Additive
13693,True_Correct:NA,True_Neither:NA,True_Misconception:Mult
15910,True_Neither:NA,True_Correct:NA,True_Misconception:Additive
16291,False_Misconception:Not_variable,False_Misconception:Adding_terms,False_Neither:NA
5662,True_Correct:NA,True_Neither:NA,True_Misconception:Mult
26001,False_Misconception:Adding_across,False_Neither:NA,False_Misconception:Positive
20053,False_Neither:NA,False_Misconception:Longer_is_bigger,False_Misconception:Whole_numbers_larger
32923,False_Neither:NA,False_Misconception:Firstterm,False_Misconception:Wrong_term
28900,True_Correct:NA,True_Neither:NA,True_Misconception:Duplication
18153,True_Correct:NA,True_Neither:NA,True_Misconception:Inversion
36200,True_Correct:NA,True_Neither:NA,True_Misconception:SwapDividend
16872,True_Correct:NA,True_Neither:NA,True_Misconception:Duplication
4571,False_Misconception:Incomplete,False_Neither:NA,False_Correct:NA
4918,False_Misconception:SwapDividend,False_Misconception:FlipChange,False_Misconception:Mult
23812,True_Neither:NA,True_Correct:NA,False_Neither:NA
25914,False_Misconception:Adding_across,False_Neither:NA,False_Misconception:Denominator-only_change
4058,False_Neither:NA,False_Misconception:Incomplete,False_Correct:NA
596,True_Correct:NA,True_Misconception:Incomplete,True_Neither:NA
13130,True_Correct:NA,True_Neither:NA,True_Misconception:Irrelevant
30779,True_Neither:NA,True_Correct:NA,True_Misconception:Tacking
26507,True_Correct:NA,True_Neither:NA,True_Misconception:Division
14697,True_Correct:NA,True_Neither:NA,True_Misconception:Mult
9938,True_Correct:NA,True_Neither:NA,True_Misconception:SwapDividend
14607,True_Correct:NA,True_Neither:NA,True_Misconception:SwapDividend
34324,True_Correct:NA,True_Neither:NA,True_Misconception:Wrong_term
32259,False_Misconception:Positive,False_Neither:NA,False_Correct:NA
27195,False_Misconception:Subtraction,False_Neither:NA,False_Correct:NA
5757,True_Correct:NA,True_Neither:NA,True_Misconception:FlipChange
15046,True_Correct:NA,True_Neither:NA,True_Misconception:Duplication
9778,True_Correct:NA,True_Neither:NA,True_Misconception:SwapDividend
12591,True_Correct:NA,True_Neither:NA,True_Misconception:Incomplete
5638,True_Correct:NA,True_Neither:NA,True_Misconception:SwapDividend
34203,True_Correct:NA,True_Neither:NA,True_Misconception:Wrong_term
28237,False_Misconception:Unknowable,False_Neither:NA,False_Misconception:Scale
26311,False_Misconception:Adding_across,False_Neither:NA,False_Misconception:Denominator-only_change
34928,False_Misconception:Firstterm,False_Neither:NA,False_Misconception:Wrong_term
28433,False_Neither:NA,False_Misconception:Unknowable,False_Misconception:Definition
23901,True_Correct:NA,True_Neither:NA,True_Misconception:Incorrect_equivalent_fraction_addition
34677,True_Correct:NA,True_Neither:NA,True_Misconception:Wrong_term
4159,False_Misconception:Incomplete,False_Neither:NA,False_Correct:NA
20122,False_Neither:NA,False_Misconception:Whole_numbers_larger,False_Misconception:Longer_is_bigger
2683,False_Neither:NA,False_Misconception:WNB,False_Misconception:Incomplete
11751,False_Neither:NA,False_Correct:NA,False_Misconception:Not_variable
9875,True_Correct:NA,True_Neither:NA,True_Misconception:Wrong_fraction
11829,False_Misconception:Additive,False_Neither:NA,False_Misconception:Irrelevant
10042,True_Correct:NA,True_Neither:NA,True_Misconception:SwapDividend
26268,False_Misconception:Adding_across,False_Neither:NA,False_Misconception:Denominator-only_change
32577,False_Neither:NA,False_Misconception:Wrong_term,False_Misconception:Incomplete
16416,False_Misconception:Not_variable,False_Neither:NA,False_Misconception:Adding_terms
1815,True_Neither:NA,True_Correct:NA,True_Misconception:Inversion
13588,True_Correct:NA,True_Neither:NA,True_Misconception:Duplication
27834,False_Misconception:Subtraction,False_Neither:NA,False_Misconception:Division
22600,True_Correct:NA,True_Neither:NA,True_Misconception:Wrong_fraction
15020,True_Correct:NA,True_Neither:NA,True_Misconception:SwapDividend
13911,True_Neither:NA,True_Misconception:Additive,True_Correct:NA
4867,False_Misconception:Mult,False_Misconception:SwapDividend,False_Neither:NA
6620,True_Correct:NA,True_Neither:NA,True_Misconception:Mult
9383,True_Correct:NA,True_Neither:NA,True_Misconception:Incomplete
7643,False_Misconception:Mult,False_Neither:NA,False_Misconception:SwapDividend
9068,True_Correct:NA,True_Neither:NA,True_Misconception:SwapDividend
1905,True_Correct:NA,True_Neither:NA,True_Misconception:Incomplete
7986,False_Neither:NA,False_Misconception:Incomplete,False_Correct:NA
13365,True_Correct:NA,True_Neither:NA,True_Misconception:Irrelevant
29598,False_Misconception:Tacking,False_Neither:NA,False_Misconception:Positive
24069,True_Correct:NA,True_Neither:NA,True_Misconception:Denominator-only_change
6053,True_Correct:NA,True_Neither:NA,False_Neither:NA
13552,True_Correct:NA,True_Neither:NA,True_Misconception:Irrelevant
12307,False_Misconception:Additive,False_Neither:NA,True_Misconception:Additive
18571,False_Misconception:Duplication,False_Neither:NA,False_Misconception:Inversion
34866,False_Neither:NA,False_Misconception:Firstterm,False_Correct:NA
24642,True_Correct:NA,True_Neither:NA,True_Misconception:Incorrect_equivalent_fraction_addition
34648,True_Correct:NA,True_Neither:NA,True_Misconception:Wrong_term
2955,False_Neither:NA,False_Misconception:Incomplete,False_Misconception:WNB
12081,False_Misconception:Additive,False_Neither:NA,False_Misconception:Certainty
3931,False_Neither:NA,False_Misconception:Incomplete,False_Misconception:Longer_is_bigger
15661,True_Correct:NA,True_Neither:NA,True_Misconception:Mult
12524,True_Correct:NA,True_Neither:NA,True_Misconception:Irrelevant
34534,True_Correct:NA,True_Neither:NA,True_Misconception:Wrong_term
9633,True_Correct:NA,True_Neither:NA,False_Neither:NA
11807,False_Misconception:Additive,False_Neither:NA,True_Misconception:Additive
28904,True_Correct:NA,True_Neither:NA,True_Misconception:SwapDividend
29006,True_Neither:NA,True_Correct:NA,True_Misconception:SwapDividend
24716,True_Neither:NA,True_Correct:NA,False_Neither:NA
23432,False_Misconception:Wrong_fraction,False_Neither:NA,True_Misconception:Wrong_fraction
19242,False_Misconception:Inversion,False_Neither:NA,False_Correct:NA
18623,False_Misconception:Duplication,False_Neither:NA,False_Misconception:Inversion
4269,False_Neither:NA,False_Misconception:Incomplete,False_Misconception:Unknowable
20996,True_Neither:NA,True_Correct:NA,True_Misconception:Shorter_is_bigger
18726,False_Misconception:Duplication,False_Neither:NA,False_Correct:NA
9038,True_Correct:NA,True_Neither:NA,True_Misconception:SwapDividend
33741,True_Correct:NA,True_Neither:NA,True_Misconception:Wrong_term
36156,True_Neither:NA,True_Correct:NA,True_Misconception:SwapDividend
18958,False_Neither:NA,False_Misconception:Duplication,False_Correct:NA
23787,True_Neither:NA,True_Correct:NA,True_Misconception:Denominator-only_change
18406,False_Misconception:Duplication,False_Neither:NA,False_Misconception:Wrong_Operation
30721,True_Correct:NA,True_Neither:NA,True_Misconception:Tacking
7020,True_Correct:NA,True_Neither:NA,True_Misconception:Mult
1412,True_Neither:NA,True_Correct:NA,True_Misconception:WNB
32712,False_Misconception:Wrong_term,False_Neither:NA,False_Correct:NA
9423,True_Correct:NA,True_Neither:NA,True_Misconception:SwapDividend
1323,True_Correct:NA,True_Neither:NA,True_Misconception:WNB
4985,False_Misconception:Mult,False_Neither:NA,False_Misconception:SwapDividend
92,True_Correct:NA,True_Neither:NA,True_Misconception:Incomplete
11212,False_Neither:NA,False_Misconception:Irrelevant,False_Misconception:Certainty
9132,True_Correct:NA,True_Neither:NA,True_Misconception:SwapDividend
13047,True_Correct:NA,True_Neither:NA,True_Misconception:SwapDividend
11783,False_Neither:NA,False_Correct:NA,False_Misconception:Wrong_Fraction
23873,True_Correct:NA,True_Neither:NA,True_Misconception:Denominator-only_change
10098,True_Correct:NA,True_Neither:NA,True_Misconception:Incomplete
5536,True_Correct:NA,True_Neither:NA,True_Misconception:Mult
27841,False_Neither:NA,False_Misconception:Subtraction,False_Misconception:Division
15801,True_Correct:NA,True_Neither:NA,True_Misconception:SwapDividend
15962,True_Correct:NA,True_Neither:NA,True_Misconception:SwapDividend
7780,False_Misconception:SwapDividend,False_Neither:NA,False_Misconception:FlipChange
5427,False_Misconception:SwapDividend,False_Misconception:FlipChange,False_Misconception:Mult
18911,False_Misconception:Duplication,False_Neither:NA,False_Misconception:Inversion
32098,False_Neither:NA,False_Misconception:Positive,False_Misconception:Division
18234,False_Neither:NA,False_Misconception:Wrong_Operation,False_Correct:NA
36624,False_Misconception:Scale,False_Neither:NA,False_Misconception:Certainty
10045,True_Correct:NA,True_Neither:NA,True_Misconception:Wrong_term
34887,False_Neither:NA,False_Misconception:Incomplete,False_Misconception:Firstterm
6612,True_Neither:NA,True_Correct:NA,True_Misconception:Mult
18683,False_Correct:NA,False_Neither:NA,False_Misconception:Inversion
33147,False_Misconception:Wrong_term,False_Neither:NA,False_Misconception:Adding_terms
6425,True_Correct:NA,True_Neither:NA,True_Misconception:SwapDividend
21279,True_Correct:NA,True_Neither:NA,True_Misconception:Inversion
13319,True_Correct:NA,True_Neither:NA,True_Misconception:Irrelevant
11373,False_Misconception:Irrelevant,False_Neither:NA,False_Correct:NA
33091,False_Neither:NA,False_Misconception:Wrong_term,False_Correct:NA
14118,True_Correct:NA,True_Neither:NA,True_Misconception:Irrelevant
28936,True_Correct:NA,True_Neither:NA,True_Misconception:Division
9370,True_Correct:NA,True_Neither:NA,True_Misconception:Wrong_fraction
11361,False_Neither:NA,False_Misconception:Additive,True_Misconception:Additive
1423,True_Correct:NA,True_Neither:NA,True_Misconception:Incomplete
4405,False_Misconception:Incomplete,False_Neither:NA,False_Correct:NA
13019,True_Correct:NA,True_Neither:NA,True_Misconception:Irrelevant
12492,False_Neither:NA,False_Misconception:Additive,False_Misconception:Unknowable
27732,False_Misconception:Subtraction,False_Neither:NA,False_Misconception:Division
28069,False_Misconception:Subtraction,False_Neither:NA,False_Correct:NA
21502,True_Correct:NA,True_Neither:NA,True_Misconception:Incomplete
35635,False_Misconception:Multiplying_by_4,False_Neither:NA,False_Misconception:Base_rate
33212,True_Correct:NA,True_Neither:NA,True_Misconception:Wrong_term
3826,False_Misconception:Incomplete,False_Neither:NA,False_Correct:NA
53,True_Correct:NA,True_Neither:NA,True_Misconception:Incomplete
3160,False_Misconception:Incomplete,False_Neither:NA,False_Misconception:WNB
8194,False_Neither:NA,False_Misconception:Incomplete,False_Misconception:Subtraction
1109,True_Correct:NA,True_Neither:NA,True_Misconception:Incomplete
24696,True_Correct:NA,True_Neither:NA,True_Misconception:Denominator-only_change
32249,False_Misconception:Positive,False_Neither:NA,False_Misconception:Tacking
19983,False_Neither:NA,False_Misconception:Longer_is_bigger,False_Misconception:Whole_numbers_larger
31381,True_Correct:NA,True_Neither:NA,True_Misconception:Positive
34778,False_Neither:NA,False_Misconception:Firstterm,False_Misconception:Wrong_term
963,True_Correct:NA,True_Neither:NA,True_Misconception:Incomplete
33887,True_Correct:NA,True_Neither:NA,True_Misconception:Wrong_term
36657,False_Neither:NA,False_Misconception:Certainty,False_Misconception:Scale
33323,True_Correct:NA,True_Neither:NA,True_Misconception:Wrong_term
5654,True_Correct:NA,True_Neither:NA,True_Misconception:SwapDividend
15382,True_Correct:NA,True_Neither:NA,True_Misconception:Wrong_fraction
35259,True_Correct:NA,True_Neither:NA,True_Misconception:Multiplying_by_4
35524,False_Neither:NA,False_Misconception:Incomplete,False_Misconception:Unknowable
12487,False_Misconception:Additive,False_Neither:NA,True_Misconception:Additive
19505,False_Misconception:Inversion,False_Neither:NA,False_Misconception:Duplication
10137,True_Neither:NA,True_Correct:NA,False_Neither:NA
32534,False_Misconception:Wrong_term,False_Neither:NA,False_Correct:NA
7022,True_Correct:NA,True_Neither:NA,True_Misconception:SwapDividend
29395,False_Misconception:Tacking,False_Neither:NA,False_Misconception:Positive
15170,True_Correct:NA,True_Neither:NA,True_Misconception:SwapDividend
10506,True_Correct:NA,True_Neither:NA,False_Correct:NA
11013,False_Neither:NA,False_Misconception:Irrelevant,False_Correct:NA
1247,True_Neither:NA,True_Correct:NA,True_Misconception:Incomplete
18111,True_Correct:NA,True_Neither:NA,True_Misconception:Duplication
7524,False_Neither:NA,False_Misconception:SwapDividend,False_Misconception:Division
15842,True_Correct:NA,True_Neither:NA,True_Misconception:Mult
15433,True_Correct:NA,True_Neither:NA,True_Misconception:Duplication
22040,True_Correct:NA,True_Neither:NA,True_Misconception:Wrong_fraction
35676,False_Neither:NA,False_Misconception:Certainty,False_Correct:NA
2731,False_Misconception:WNB,False_Neither:NA,False_Misconception:Incomplete
28564,True_Neither:NA,True_Correct:NA,True_Misconception:Division
34632,True_Correct:NA,True_Neither:NA,True_Misconception:Firstterm
26273,False_Misconception:Adding_across,False_Neither:NA,False_Misconception:Denominator-only_change
12860,True_Misconception:Irrelevant,True_Neither:NA,True_Correct:NA
8715,False_Neither:NA,False_Correct:NA,False_Misconception:Irrelevant
30352,True_Neither:NA,True_Misconception:Tacking,True_Correct:NA
11192,False_Misconception:Irrelevant,False_Neither:NA,True_Misconception:Irrelevant
34235,True_Correct:NA,True_Neither:NA,True_Misconception:Wrong_term
17134,True_Correct:NA,True_Neither:NA,True_Misconception:Duplication
24105,True_Neither:NA,True_Correct:NA,True_Misconception:Duplication
35021,True_Correct:NA,True_Neither:NA,True_Misconception:Wrong_term
31365,True_Correct:NA,True_Neither:NA,True_Misconception:Positive
34573,True_Correct:NA,True_Neither:NA,True_Misconception:Wrong_term
18331,False_Misconception:Duplication,False_Neither:NA,False_Misconception:Inversion
34638,True_Correct:NA,True_Neither:NA,True_Misconception:SwapDividend
33836,True_Correct:NA,True_Neither:NA,True_Misconception:Wrong_term
23933,True_Neither:NA,True_Correct:NA,True_Misconception:Denominator-only_change
11636,False_Neither:NA,False_Correct:NA,False_Misconception:Irrelevant
28609,True_Correct:NA,True_Neither:NA,True_Misconception:WNB
4741,False_Misconception:Incomplete,False_Neither:NA,False_Correct:NA
2969,False_Misconception:Incomplete,False_Neither:NA,False_Correct:NA
3038,False_Misconception:Incomplete,False_Neither:NA,False_Correct:NA
31512,False_Neither:NA,False_Misconception:Positive,False_Misconception:Tacking
21720,True_Correct:NA,True_Neither:NA,True_Misconception:Incorrect_equivalent_fraction_addition
33464,True_Correct:NA,True_Neither:NA,True_Misconception:Wrong_term
24727,True_Correct:NA,True_Neither:NA,True_Misconception:Denominator-only_change
19210,False_Misconception:Inversion,False_Neither:NA,False_Misconception:Duplication
6892,True_Correct:NA,True_Neither:NA,True_Misconception:Mult
23917,True_Neither:NA,True_Correct:NA,True_Misconception:Additive
30700,True_Correct:NA,True_Neither:NA,True_Misconception:Positive
25695,False_Neither:NA,False_Misconception:Denominator-only_change,False_Misconception:Adding_across
12166,False_Misconception:Additive,True_Misconception:Additive,False_Neither:NA
28006,False_Misconception:Subtraction,False_Neither:NA,False_Misconception:Additive
6126,True_Correct:NA,True_Neither:NA,True_Misconception:Mult
12101,False_Misconception:Additive,False_Neither:NA,True_Misconception:Additive
15191,True_Correct:NA,True_Neither:NA,True_Misconception:Mult
28297,False_Misconception:Unknowable,False_Neither:NA,False_Misconception:Interior
21286,True_Correct:NA,True_Neither:NA,True_Misconception:Incorrect_equivalent_fraction_addition
28993,True_Correct:NA,True_Neither:NA,True_Misconception:SwapDividend
22255,True_Correct:NA,True_Neither:NA,True_Misconception:Wrong_fraction
10747,True_Correct:NA,True_Neither:NA,True_Misconception:SwapDividend
12310,False_Misconception:Additive,False_Neither:NA,True_Misconception:Additive
21367,True_Correct:NA,True_Neither:NA,True_Misconception:Wrong_term
23507,False_Misconception:Wrong_fraction,False_Neither:NA,False_Correct:NA
9037,True_Correct:NA,True_Neither:NA,True_Misconception:SwapDividend
5457,False_Misconception:SwapDividend,False_Misconception:Mult,False_Misconception:FlipChange
22367,True_Neither:NA,True_Correct:NA,True_Misconception:Division
24692,True_Correct:NA,True_Neither:NA,True_Misconception:Incorrect_equivalent_fraction_addition
7030,True_Correct:NA,True_Neither:NA,True_Misconception:SwapDividend
6319,True_Correct:NA,True_Neither:NA,True_Misconception:Mult
27002,False_Neither:NA,False_Misconception:Subtraction,False_Misconception:Division
7335,True_Correct:NA,True_Neither:NA,True_Misconception:SwapDividend
20853,True_Correct:NA,True_Neither:NA,True_Misconception:Inversion
18307,False_Misconception:Duplication,False_Neither:NA,False_Misconception:Inversion
17757,True_Correct:NA,True_Neither:NA,True_Misconception:Duplication
34472,True_Correct:NA,True_Neither:NA,True_Misconception:Wrong_term
14160,True_Correct:NA,True_Neither:NA,False_Neither:NA
756,True_Neither:NA,True_Misconception:WNB,True_Correct:NA
19279,False_Misconception:Inversion,False_Neither:NA,False_Misconception:Duplication
12854,True_Correct:NA,True_Neither:NA,True_Misconception:Incorrect_equivalent_fraction_addition
19652,False_Neither:NA,False_Misconception:Inversion,False_Misconception:Adding_terms
31240,True_Correct:NA,True_Neither:NA,True_Misconception:Positive
3885,False_Misconception:Incomplete,False_Neither:NA,False_Correct:NA
11099,False_Misconception:Irrelevant,False_Neither:NA,True_Misconception:Irrelevant
21983,True_Correct:NA,True_Neither:NA,True_Misconception:Incomplete
2588,False_Misconception:WNB,False_Neither:NA,False_Misconception:Incomplete
7341,True_Neither:NA,True_Correct:NA,True_Misconception:Irrelevant
16477,False_Misconception:Not_variable,False_Neither:NA,False_Misconception:Inverse_operation
4020,False_Misconception:Incomplete,False_Neither:NA,False_Correct:NA
31051,True_Neither:NA,True_Correct:NA,False_Neither:NA
29892,False_Neither:NA,False_Misconception:Subtraction,False_Misconception:Positive
3660,False_Misconception:Incomplete,False_Neither:NA,False_Correct:NA
34873,False_Neither:NA,False_Misconception:Wrong_term,False_Correct:NA
16902,True_Correct:NA,True_Neither:NA,True_Misconception:WNB
14469,True_Correct:NA,True_Neither:NA,True_Misconception:Mult
27603,False_Neither:NA,False_Misconception:Subtraction,False_Misconception:Division
19580,False_Misconception:Inversion,False_Neither:NA,False_Correct:NA
35820,True_Neither:NA,True_Correct:NA,True_Misconception:SwapDividend
1801,True_Neither:NA,True_Misconception:WNB,True_Correct:NA
16253,False_Misconception:Adding_terms,False_Neither:NA,False_Misconception:Not_variable
12430,False_Misconception:Additive,False_Neither:NA,False_Misconception:Irrelevant
8211,False_Neither:NA,False_Misconception:Wrong_Fraction,False_Correct:NA
11263,False_Neither:NA,False_Misconception:Irrelevant,False_Correct:NA
8248,False_Misconception:Wrong_Fraction,False_Neither:NA,False_Misconception:Inverse_operation
21041,True_Correct:NA,True_Neither:NA,True_Misconception:Incomplete
25268,False_Correct:NA,False_Neither:NA,False_Misconception:Incorrect_equivalent_fraction_addition
31133,True_Correct:NA,True_Neither:NA,True_Misconception:Tacking
27441,False_Misconception:Subtraction,False_Neither:NA,False_Misconception:Division
29854,False_Neither:NA,False_Misconception:Positive,False_Misconception:Subtraction
2236,True_Correct:NA,True_Neither:NA,True_Misconception:Incomplete
6340,True_Neither:NA,True_Correct:NA,False_Neither:NA
5436,False_Neither:NA,False_Misconception:SwapDividend,False_Misconception:Mult
827,True_Correct:NA,True_Neither:NA,True_Misconception:Incomplete
31609,False_Misconception:Positive,False_Neither:NA,False_Correct:NA
25493,False_Neither:NA,False_Misconception:Denominator-only_change,False_Misconception:Adding_across
10337,True_Correct:NA,True_Neither:NA,True_Misconception:SwapDividend
17179,True_Correct:NA,True_Neither:NA,True_Misconception:Incomplete
4273,False_Misconception:Incomplete,False_Neither:NA,False_Correct:NA
7301,True_Correct:NA,True_Neither:NA,True_Misconception:Mult
27465,False_Misconception:Subtraction,False_Neither:NA,False_Misconception:Division
13356,True_Correct:NA,True_Neither:NA,True_Misconception:Irrelevant
22055,True_Correct:NA,True_Neither:NA,True_Misconception:Wrong_fraction
30376,True_Neither:NA,True_Misconception:Tacking,True_Correct:NA
7094,True_Correct:NA,True_Neither:NA,True_Misconception:Mult
8385,False_Misconception:Wrong_Fraction,False_Neither:NA,False_Misconception:Inverse_operation
22166,True_Correct:NA,True_Neither:NA,True_Misconception:Division
16516,False_Misconception:Not_variable,False_Neither:NA,False_Misconception:Incomplete
3115,False_Misconception:Incomplete,False_Neither:NA,False_Misconception:WNB
31345,True_Correct:NA,True_Neither:NA,True_Misconception:Positive
4009,False_Misconception:Incomplete,False_Neither:NA,False_Misconception:WNB
2142,True_Correct:NA,True_Neither:NA,True_Misconception:Incomplete
27510,False_Misconception:Subtraction,False_Neither:NA,False_Misconception:Division
6346,True_Correct:NA,True_Neither:NA,True_Misconception:Mult
1131,True_Neither:NA,True_Correct:NA,True_Misconception:WNB
28162,False_Neither:NA,False_Misconception:Unknowable,False_Misconception:Definition
1959,True_Correct:NA,True_Neither:NA,True_Misconception:Incomplete
10539,True_Correct:NA,True_Neither:NA,True_Misconception:Irrelevant
6933,True_Correct:NA,True_Neither:NA,True_Misconception:Mult
35161,True_Correct:NA,True_Neither:NA,True_Misconception:Multiplying_by_4
8574,False_Misconception:Wrong_Fraction,False_Neither:NA,False_Misconception:Inverse_operation
27862,False_Neither:NA,False_Misconception:Subtraction,True_Neither:NA
28934,True_Neither:NA,True_Correct:NA,True_Misconception:Shorter_is_bigger
23371,False_Neither:NA,False_Correct:NA,False_Misconception:Wrong_fraction
742,True_Correct:NA,True_Neither:NA,True_Misconception:Incomplete
4630,False_Neither:NA,False_Misconception:Incomplete,False_Correct:NA
22881,True_Correct:NA,True_Neither:NA,True_Misconception:Wrong_fraction
27931,False_Neither:NA,False_Misconception:Subtraction,False_Misconception:Mult
10388,True_Correct:NA,True_Neither:NA,True_Misconception:SwapDividend
586,True_Neither:NA,True_Correct:NA,True_Misconception:WNB
3056,False_Neither:NA,False_Misconception:Incomplete,False_Correct:NA
20178,False_Neither:NA,False_Misconception:Longer_is_bigger,False_Misconception:Shorter_is_bigger
512,True_Correct:NA,True_Neither:NA,True_Misconception:Incomplete
13741,True_Correct:NA,True_Neither:NA,True_Misconception:Duplication
25106,True_Correct:NA,True_Neither:NA,True_Misconception:Denominator-only_change
27742,False_Misconception:Subtraction,False_Neither:NA,False_Misconception:Division
16897,True_Correct:NA,True_Neither:NA,True_Misconception:Inversion
13377,True_Correct:NA,True_Neither:NA,True_Misconception:Irrelevant
35831,True_Correct:NA,True_Neither:NA,True_Misconception:Incomplete
31734,False_Misconception:Positive,False_Neither:NA,False_Correct:NA
30713,True_Neither:NA,True_Correct:NA,True_Misconception:WNB
593,True_Neither:NA,True_Correct:NA,True_Misconception:Division
18513,False_Misconception:Duplication,False_Neither:NA,False_Misconception:Inversion
873,True_Correct:NA,True_Misconception:Incomplete,True_Neither:NA
5751,True_Neither:NA,True_Correct:NA,True_Misconception:Mult
31800,False_Neither:NA,False_Misconception:Tacking,False_Misconception:Positive
334,True_Correct:NA,True_Neither:NA,True_Misconception:Incomplete
30433,True_Correct:NA,True_Neither:NA,True_Misconception:Positive
5572,True_Correct:NA,True_Neither:NA,True_Misconception:Mult
24424,True_Correct:NA,True_Neither:NA,True_Misconception:Mult
11682,False_Misconception:Additive,False_Neither:NA,True_Misconception:Additive
3077,False_Neither:NA,False_Misconception:Incomplete,False_Misconception:WNB
35295,True_Correct:NA,True_Neither:NA,True_Misconception:Division
3707,False_Misconception:Incomplete,False_Neither:NA,False_Correct:NA
3640,False_Misconception:Incomplete,False_Neither:NA,False_Misconception:WNB
18048,True_Correct:NA,True_Neither:NA,True_Misconception:Duplication
31806,False_Misconception:Positive,False_Neither:NA,True_Misconception:Positive
34433,True_Correct:NA,True_Neither:NA,True_Misconception:Wrong_term
29602,False_Neither:NA,False_Misconception:Positive,False_Misconception:Tacking
22239,True_Correct:NA,True_Neither:NA,True_Misconception:Wrong_fraction
32025,False_Neither:NA,False_Misconception:Tacking,False_Misconception:Irrelevant
24030,True_Correct:NA,True_Neither:NA,True_Misconception:Denominator-only_change
18123,True_Correct:NA,True_Neither:NA,True_Misconception:Inversion
23251,False_Neither:NA,False_Misconception:Wrong_fraction,False_Misconception:Shorter_is_bigger
30060,False_Neither:NA,False_Misconception:Subtraction,False_Misconception:Positive
17003,True_Neither:NA,True_Correct:NA,True_Misconception:Duplication
14600,True_Correct:NA,True_Neither:NA,True_Misconception:SwapDividend
24973,True_Correct:NA,True_Neither:NA,True_Misconception:Denominator-only_change
9931,True_Correct:NA,True_Neither:NA,True_Misconception:SwapDividend
30467,True_Neither:NA,True_Correct:NA,True_Misconception:Tacking
29025,True_Correct:NA,True_Neither:NA,True_Misconception:SwapDividend
34065,True_Correct:NA,True_Neither:NA,True_Misconception:Wrong_term
17717,True_Correct:NA,True_Neither:NA,True_Misconception:Duplication
24065,True_Correct:NA,True_Neither:NA,True_Misconception:Mult
34795,False_Neither:NA,False_Misconception:Firstterm,False_Misconception:Wrong_term
14532,True_Correct:NA,True_Neither:NA,True_Misconception:SwapDividend
18993,False_Misconception:Duplication,False_Neither:NA,False_Correct:NA
36263,True_Correct:NA,True_Neither:NA,True_Misconception:SwapDividend
19264,False_Neither:NA,False_Misconception:Inversion,False_Misconception:Duplication
2571,False_Neither:NA,False_Misconception:WNB,False_Misconception:Incomplete
14337,False_Neither:NA,False_Misconception:WNB,False_Misconception:Irrelevant
130,True_Neither:NA,True_Correct:NA,True_Misconception:WNB
11868,False_Misconception:Additive,False_Neither:NA,True_Misconception:Additive
30494,True_Neither:NA,True_Correct:NA,False_Misconception:Positive
14702,True_Correct:NA,True_Neither:NA,True_Misconception:SwapDividend
11846,False_Misconception:Additive,False_Neither:NA,True_Misconception:Additive
24271,True_Correct:NA,True_Neither:NA,True_Misconception:Denominator-only_change
31974,False_Misconception:Positive,False_Neither:NA,False_Correct:NA
748,True_Neither:NA,True_Correct:NA,True_Misconception:WNB
14918,True_Correct:NA,True_Neither:NA,True_Misconception:SwapDividend
9625,True_Correct:NA,True_Neither:NA,True_Misconception:Wrong_fraction
18461,False_Neither:NA,False_Misconception:Additive,False_Misconception:Inversion
2726,False_Misconception:WNB,False_Neither:NA,False_Misconception:Incomplete
9523,True_Correct:NA,True_Neither:NA,True_Misconception:SwapDividend
11915,False_Neither:NA,False_Misconception:Additive,False_Correct:NA
4825,False_Neither:NA,False_Misconception:Incomplete,False_Misconception:Definition
36641,False_Neither:NA,False_Misconception:Scale,False_Misconception:Certainty
15325,True_Correct:NA,True_Neither:NA,True_Misconception:SwapDividend
33957,True_Neither:NA,True_Correct:NA,True_Misconception:Additive
8013,False_Misconception:Incomplete,False_Neither:NA,False_Correct:NA
19717,False_Misconception:Whole_numbers_larger,False_Neither:NA,False_Misconception:Shorter_is_bigger
31166,True_Correct:NA,True_Neither:NA,True_Misconception:Positive
27756,False_Misconception:Subtraction,False_Neither:NA,False_Misconception:Division
11791,False_Misconception:Additive,True_Misconception:Additive,False_Neither:NA
4771,False_Neither:NA,False_Misconception:Incomplete,False_Misconception:Irrelevant
2834,False_Neither:NA,False_Misconception:Positive,False_Misconception:Incomplete
17846,True_Correct:NA,True_Neither:NA,True_Misconception:Duplication
19546,False_Misconception:Inversion,False_Neither:NA,False_Correct:NA
11947,False_Misconception:Additive,False_Neither:NA,True_Misconception:Additive
5570,True_Correct:NA,True_Neither:NA,True_Misconception:Mult
18246,False_Neither:NA,False_Misconception:Wrong_Operation,False_Misconception:Duplication
1513,True_Neither:NA,True_Correct:NA,True_Misconception:WNB
26859,True_Correct:NA,True_Neither:NA,True_Misconception:Division
3548,False_Neither:NA,False_Misconception:Incomplete,False_Correct:NA
19021,False_Misconception:Duplication,False_Neither:NA,False_Misconception:Wrong_Operation
6112,True_Correct:NA,True_Neither:NA,True_Misconception:Mult
2949,False_Misconception:WNB,False_Misconception:Incomplete,False_Neither:NA
7989,False_Neither:NA,False_Misconception:Incomplete,False_Correct:NA
33263,True_Correct:NA,True_Neither:NA,True_Misconception:Wrong_term
34431,True_Correct:NA,True_Neither:NA,True_Misconception:Wrong_term
26985,True_Correct:NA,True_Neither:NA,True_Misconception:Division
23947,True_Neither:NA,True_Correct:NA,True_Misconception:Denominator-only_change
21374,True_Neither:NA,True_Correct:NA,True_Misconception:Shorter_is_bigger
18670,False_Misconception:Duplication,False_Neither:NA,False_Misconception:Inversion
16614,True_Correct:NA,True_Neither:NA,True_Misconception:Denominator-only_change
17815,True_Neither:NA,True_Correct:NA,False_Neither:NA
1603,True_Correct:NA,True_Neither:NA,True_Misconception:Incomplete
25466,False_Neither:NA,False_Misconception:Denominator-only_change,False_Correct:NA
10572,True_Correct:NA,True_Neither:NA,True_Misconception:Division
15268,True_Correct:NA,True_Neither:NA,True_Misconception:Wrong_fraction
23733,True_Correct:NA,True_Neither:NA,True_Misconception:Incorrect_equivalent_fraction_addition
9444,True_Correct:NA,True_Neither:NA,True_Misconception:Division
1791,True_Neither:NA,True_Correct:NA,True_Misconception:SwapDividend
19780,False_Misconception:Whole_numbers_larger,False_Neither:NA,False_Misconception:Shorter_is_bigger
4219,False_Misconception:Incomplete,False_Neither:NA,False_Correct:NA
4589,False_Misconception:Incomplete,False_Neither:NA,False_Misconception:Positive
21178,True_Correct:NA,True_Neither:NA,True_Misconception:FlipChange
6956,True_Correct:NA,True_Neither:NA,True_Misconception:Mult
30871,True_Neither:NA,True_Correct:NA,False_Neither:NA
24925,True_Correct:NA,True_Neither:NA,True_Misconception:Mult
1331,True_Correct:NA,True_Misconception:Incomplete,True_Neither:NA
11645,False_Misconception:Additive,False_Neither:NA,True_Misconception:Additive
16426,False_Neither:NA,False_Misconception:Not_variable,False_Misconception:Incomplete
18356,False_Misconception:Duplication,False_Neither:NA,False_Misconception:Inversion
20479,True_Neither:NA,True_Correct:NA,True_Misconception:Mult
13205,True_Correct:NA,True_Neither:NA,True_Misconception:Irrelevant
33279,True_Correct:NA,True_Neither:NA,True_Misconception:Wrong_term
5525,True_Neither:NA,True_Correct:NA,True_Misconception:SwapDividend
16706,True_Correct:NA,True_Neither:NA,True_Misconception:Duplication
10984,False_Misconception:Irrelevant,False_Neither:NA,True_Misconception:Irrelevant
36610,False_Misconception:Scale,False_Neither:NA,False_Misconception:Certainty
29219,False_Misconception:Interior,False_Neither:NA,False_Misconception:Definition
18967,False_Misconception:Duplication,False_Neither:NA,False_Correct:NA
19784,False_Misconception:Whole_numbers_larger,False_Neither:NA,False_Misconception:Shorter_is_bigger
18305,False_Misconception:Duplication,False_Neither:NA,False_Misconception:Inversion
19676,False_Misconception:Inversion,False_Neither:NA,False_Correct:NA
35105,True_Correct:NA,True_Neither:NA,True_Misconception:SwapDividend
464,True_Correct:NA,True_Neither:NA,True_Misconception:Incomplete
35797,True_Correct:NA,True_Neither:NA,True_Misconception:Duplication
21011,True_Neither:NA,True_Correct:NA,True_Misconception:Shorter_is_bigger
20546,True_Correct:NA,True_Neither:NA,True_Misconception:Incomplete
3633,False_Misconception:Incomplete,False_Neither:NA,False_Correct:NA
10070,True_Correct:NA,True_Neither:NA,True_Misconception:Wrong_term
9640,True_Neither:NA,True_Correct:NA,True_Misconception:SwapDividend
16297,False_Neither:NA,False_Misconception:Not_variable,False_Correct:NA
36364,False_Misconception:Scale,False_Neither:NA,False_Misconception:Certainty
31108,True_Neither:NA,True_Correct:NA,False_Neither:NA
14921,True_Correct:NA,True_Neither:NA,True_Misconception:SwapDividend
682,True_Correct:NA,True_Neither:NA,True_Misconception:Incomplete
11567,False_Neither:NA,False_Misconception:Additive,False_Misconception:WNB
14058,True_Correct:NA,True_Neither:NA,True_Misconception:Incomplete
13855,True_Neither:NA,True_Correct:NA,True_Misconception:Additive
24629,True_Correct:NA,True_Neither:NA,True_Misconception:Denominator-only_change
16186,False_Misconception:Adding_terms,False_Neither:NA,False_Misconception:Incomplete
22498,True_Correct:NA,True_Neither:NA,True_Misconception:Wrong_fraction
22678,True_Correct:NA,True_Neither:NA,True_Misconception:Wrong_fraction
17964,True_Correct:NA,True_Neither:NA,True_Misconception:Duplication
20098,False_Neither:NA,False_Misconception:Whole_numbers_larger,False_Misconception:Longer_is_bigger
31861,False_Misconception:Positive,False_Neither:NA,True_Misconception:Positive
17865,True_Neither:NA,True_Correct:NA,True_Misconception:Additive
17497,True_Neither:NA,True_Correct:NA,True_Misconception:Additive
36644,False_Misconception:Scale,False_Neither:NA,False_Misconception:Certainty
6456,True_Correct:NA,True_Neither:NA,True_Misconception:Mult
9736,True_Correct:NA,True_Neither:NA,True_Misconception:Wrong_fraction
2041,True_Neither:NA,True_Misconception:WNB,True_Correct:NA
16510,False_Misconception:Not_variable,False_Neither:NA,False_Misconception:Inverse_operation
19486,False_Misconception:Inversion,False_Neither:NA,False_Misconception:Wrong_Operation
9626,True_Correct:NA,True_Neither:NA,True_Misconception:SwapDividend
21208,True_Neither:NA,True_Correct:NA,True_Misconception:Tacking
35879,True_Correct:NA,True_Neither:NA,True_Misconception:Duplication
23591,True_Correct:NA,True_Neither:NA,True_Misconception:Mult
24437,True_Neither:NA,True_Correct:NA,True_Misconception:SwapDividend
34457,True_Correct:NA,True_Neither:NA,True_Misconception:Wrong_term
4751,False_Misconception:Incomplete,False_Neither:NA,False_Correct:NA
14413,False_Neither:NA,False_Correct:NA,False_Misconception:Irrelevant
8723,False_Neither:NA,False_Misconception:Irrelevant,False_Misconception:Incomplete
9206,True_Correct:NA,True_Neither:NA,True_Misconception:Incomplete
19145,False_Neither:NA,False_Correct:NA,False_Misconception:Duplication
13674,True_Correct:NA,True_Neither:NA,True_Misconception:Irrelevant
15711,True_Correct:NA,True_Neither:NA,True_Misconception:SwapDividend
26880,True_Correct:NA,True_Neither:NA,True_Misconception:Incomplete
26964,True_Neither:NA,True_Correct:NA,True_Misconception:Division
25306,False_Neither:NA,False_Misconception:Denominator-only_change,False_Misconception:Adding_across
35569,False_Misconception:Multiplying_by_4,False_Neither:NA,False_Misconception:Base_rate
31872,False_Misconception:Positive,False_Neither:NA,True_Misconception:Positive
25967,False_Neither:NA,False_Misconception:Adding_across,False_Correct:NA
17571,True_Correct:NA,True_Neither:NA,True_Misconception:Duplication
23378,False_Misconception:Wrong_fraction,False_Neither:NA,False_Misconception:Irrelevant
1763,True_Neither:NA,True_Correct:NA,True_Misconception:WNB
12512,False_Misconception:Additive,False_Neither:NA,False_Misconception:Irrelevant
14664,True_Correct:NA,True_Neither:NA,True_Misconception:Mult
11327,False_Neither:NA,False_Misconception:Irrelevant,False_Misconception:FlipChange
18046,True_Neither:NA,True_Correct:NA,True_Misconception:SwapDividend
6527,True_Correct:NA,True_Neither:NA,True_Misconception:SwapDividend
34405,True_Neither:NA,True_Correct:NA,False_Neither:NA
14564,True_Correct:NA,True_Neither:NA,True_Misconception:SwapDividend
35545,False_Misconception:Multiplying_by_4,False_Neither:NA,False_Misconception:Base_rate
28723,True_Neither:NA,True_Correct:NA,True_Misconception:Incorrect_equivalent_fraction_addition
2182,True_Correct:NA,True_Neither:NA,True_Misconception:Incomplete
34996,True_Correct:NA,True_Neither:NA,True_Misconception:Division
7571,False_Neither:NA,False_Misconception:Mult,False_Misconception:SwapDividend
9097,True_Correct:NA,True_Neither:NA,True_Misconception:Wrong_fraction
9986,True_Correct:NA,True_Neither:NA,True_Misconception:Incomplete
31738,False_Neither:NA,False_Misconception:Positive,False_Misconception:Tacking
27531,False_Misconception:Subtraction,False_Neither:NA,False_Misconception:Division
21189,True_Neither:NA,True_Correct:NA,True_Misconception:Irrelevant
11506,False_Neither:NA,False_Misconception:Additive,False_Misconception:Irrelevant
33686,True_Correct:NA,True_Neither:NA,True_Misconception:Wrong_term
19914,False_Misconception:Whole_numbers_larger,False_Neither:NA,False_Misconception:Shorter_is_bigger
866,True_Correct:NA,True_Neither:NA,True_Misconception:Incomplete
479,True_Neither:NA,True_Correct:NA,False_Neither:NA
17271,True_Correct:NA,True_Neither:NA,True_Misconception:Mult
21478,True_Correct:NA,True_Neither:NA,True_Misconception:Shorter_is_bigger
3102,False_Misconception:Incomplete,False_Neither:NA,False_Correct:NA
23375,False_Misconception:Wrong_fraction,False_Neither:NA,False_Correct:NA
2310,True_Neither:NA,True_Correct:NA,True_Misconception:WNB
28238,False_Misconception:Unknowable,False_Neither:NA,False_Misconception:Interior
28397,False_Misconception:Unknowable,False_Neither:NA,False_Misconception:Interior
33500,True_Correct:NA,True_Neither:NA,True_Misconception:Wrong_term
19600,False_Misconception:Inversion,False_Neither:NA,False_Correct:NA
16664,True_Correct:NA,True_Neither:NA,True_Misconception:Duplication
5986,True_Correct:NA,True_Neither:NA,True_Misconception:Mult
14943,True_Correct:NA,True_Neither:NA,True_Misconception:SwapDividend
17944,True_Neither:NA,True_Correct:NA,False_Neither:NA
7327,True_Correct:NA,True_Neither:NA,True_Misconception:Mult
776,True_Neither:NA,True_Correct:NA,False_Neither:NA
7449,False_Misconception:SwapDividend,False_Neither:NA,False_Misconception:FlipChange
19180,False_Neither:NA,False_Misconception:SwapDividend,False_Correct:NA
23837,True_Correct:NA,True_Neither:NA,True_Misconception:Incorrect_equivalent_fraction_addition
30568,True_Neither:NA,True_Misconception:Tacking,True_Correct:NA
3001,False_Neither:NA,False_Misconception:Incomplete,False_Correct:NA
31808,False_Misconception:Positive,False_Neither:NA,False_Misconception:Tacking
31606,False_Neither:NA,False_Misconception:Tacking,False_Misconception:Positive
28329,False_Misconception:Unknowable,False_Neither:NA,False_Misconception:Definition
20881,True_Correct:NA,True_Neither:NA,True_Misconception:FlipChange
1139,True_Correct:NA,True_Neither:NA,True_Misconception:Wrong_fraction
15593,True_Correct:NA,True_Neither:NA,True_Misconception:SwapDividend
34809,False_Misconception:Firstterm,False_Neither:NA,True_Misconception:Firstterm
13940,True_Correct:NA,True_Neither:NA,True_Misconception:Wrong_fraction
2174,True_Correct:NA,True_Neither:NA,True_Misconception:FlipChange
10166,True_Correct:NA,True_Neither:NA,True_Misconception:Incomplete
